Epoch,TrainLoss,RankingLoss,ConceptLoss,CompletionLoss,Val_Accuracy@1,Val_MRR,Val_MeanRank,Val_MedianRank,Val_Precision@5,Val_Recall@5,Val_F1@5,Val_NDCG@5,Val_MAP@5,Val_Precision@10,Val_Recall@10,Val_F1@10,Val_NDCG@10,Val_MAP@10,Val_Precision@20,Val_Recall@20,Val_F1@20,Val_NDCG@20,Val_MAP@20,Val_CatalogCoverage@10,Val_Novelty@10,Val_Loss,Val_CompletionMAE,Val_CompletionRMSE,Val_ConceptRecall@10,Seconds
1,1.7924119431559398,1.7292916990621692,0.5174644271618355,0.048553360772583876,0.45681830836906284,0.5216995736341651,116.15006403474581,2.0,0.11698869647530485,0.5849434823765243,0.19498116079217478,0.5239131598668442,0.5037140152569741,0.06473077565566011,0.6473077565566011,0.11769231937392748,0.5439736667470977,0.5119303934800343,0.03646082744028064,0.7292165488056128,0.06944919512434407,0.5645337516375694,0.5174959648436623,0.698093220338983,9.894924185856505,3.488640204962301,0.1754123747176201,0.23310617102675513,0.5578093570658172,98.14114165306091
2,0.9977184783725652,0.9616147118215563,0.2881196776283225,0.04621339022479026,0.5299292833676708,0.6024679346793951,72.60660393117656,1.0,0.1353416114482989,0.6767080572414945,0.2255693524138315,0.6081908778155216,0.5853750208808953,0.0743304192883791,0.7433041928837909,0.13514621688796197,0.6298030480814623,0.5943408796226325,0.04071774597694749,0.8143549195389498,0.07755761138466188,0.6477530067818976,0.5992593636222799,0.809957627118644,10.108813291895682,2.923136826831744,0.1745557942343114,0.2314341024796946,0.6979821373166084,98.61094307899475
3,0.7841806700218565,0.7587951429358145,0.19714220058044757,0.04526064065527092,0.5516454145553761,0.628542319758174,54.479091263433375,1.0,0.1418787237596748,0.709393618798374,0.236464539599458,0.6361623193828466,0.6117489837964252,0.07777715908458155,0.7777715908458155,0.141413016517421,0.6582889248864889,0.6208900210974381,0.04229912578651372,0.8459825157302745,0.08056976340288328,0.6755538598727312,0.6256377983309248,0.8510593220338983,10.17725379358558,2.6928029912399207,0.17273473140723297,0.22791804656336065,0.7487137106712923,98.19392347335815
4,0.6757096765195415,0.6562127019339248,0.1473495967056898,0.04429146919635722,0.5669023887744307,0.6462260259630409,46.41082465616125,1.0,0.14692354808174174,0.7346177404087088,0.2448725801362362,0.6563742094417981,0.6303227722404737,0.08009354641127012,0.8009354641127011,0.14562462983867294,0.6777123778198646,0.6390675365493007,0.04324851049613007,0.8649702099226014,0.08237811523072394,0.6939899831801286,0.6435806113322556,0.8822033898305085,10.189181194047512,2.5230124391952677,0.17319715120451334,0.22696352193860606,0.7700035224901144,98.34824252128601
5,0.6095852663996759,0.5935388474414515,0.11810181137974178,0.04388892521992076,0.575254746923548,0.6576874660610218,42.359652541901,1.0,0.15003062531321343,0.7501531265660671,0.25005104218868907,0.6692442542381979,0.6422452994784416,0.08146333314772537,0.8146333314772537,0.14811515117768248,0.6900981450754384,0.6508517858579109,0.043852664402249567,0.8770532880449914,0.08352888457571346,0.7058898228532403,0.6551913888075357,0.8983050847457628,10.171734110991368,2.457480698613177,0.170721152081801,0.2266367391324679,0.7895860816143604,98.4460654258728
6,0.5664705648891243,0.5530923415315886,0.09563964394244234,0.043216033395497795,0.5611114204577092,0.6552270721764698,40.21743972381536,1.0,0.15202405479146947,0.7601202739573473,0.2533734246524491,0.6701156573754224,0.6398908625201849,0.08253800322957848,0.8253800322957848,0.15006909678105176,0.6913445083237116,0.6487267735945279,0.0442674981903224,0.885349963806448,0.08431904417204267,0.7065438264929198,0.6529187422797215,0.9110169491525424,10.211860917318566,2.4102456786198556,0.16943045796205117,0.22570937853791892,0.8031063930381336,98.47558641433716
7,0.5343822757581193,0.5226478199753466,0.08179695229399471,0.042812435713546496,0.5897878501030124,0.6735359779437404,38.8892477309427,1.0,0.15361657107856785,0.7680828553928393,0.2560276184642798,0.6859700579475578,0.6585351819886037,0.0832785789854669,0.832785789854669,0.15141559815539435,0.7068971153844416,0.6671745474922155,0.04471017317222563,0.8942034634445125,0.0851622346137631,0.7224344452233575,0.6714448782700134,0.9213983050847457,10.217104180476808,2.3309396692477047,0.1724057098401204,0.22342278761827408,0.8064688115395089,98.48770689964294
8,0.511727046449881,0.5012486430382108,0.07125702690238289,0.04241561510756045,0.5971936076618966,0.6808933408739284,36.67492622083635,1.0,0.15489726599476586,0.7744863299738293,0.2581621099912764,0.6931047748060098,0.6658889693190044,0.08395233587616237,0.8395233587616237,0.1526406106839316,0.7143159285843235,0.6747494955440831,0.044857731499526696,0.897154629990534,0.08544329809433657,0.7290019449966709,0.6788412781026764,0.925635593220339,10.265644996544573,2.291160242363302,0.1666417647198982,0.2219351292779108,0.8195782556825951,98.18366408348083
9,0.4930483080590604,0.48360261936374405,0.06263449541261788,0.04198776772553582,0.6030959407539396,0.6842025772033693,38.356868422517955,1.0,0.15528704270839133,0.7764352135419567,0.25881173784731887,0.6962045209667523,0.6694331532936133,0.08408597360654825,0.8408597360654825,0.15288358837554225,0.7171013298017698,0.6780936427506392,0.04484659502199455,0.8969319004398909,0.0854220857561801,0.7314481472473384,0.6821214142590926,0.9313559322033899,10.23629109194474,2.309258743558869,0.1660973557417148,0.2233290371939307,0.8214162708555688,98.27222728729248
10,0.47867013072007725,0.46996540500087064,0.05650631213801355,0.0415438056153239,0.6023720697143493,0.6848942238999027,36.113369341277355,1.0,0.15562113703435604,0.7781056851717801,0.25936856172392675,0.6972530907793952,0.6702349796759284,0.08415279247174119,0.8415279247174119,0.1530050772213476,0.71787163200787,0.6788102220489881,0.044949607439167,0.8989921487833399,0.08561829988412761,0.7324508251421908,0.6828377518104176,0.9389830508474576,10.240562621981962,2.257201361240659,0.17164074525787196,0.22023517442747076,0.8200968497165474,98.52191615104675
11,0.4651364257471747,0.4571596764465283,0.05044907375487806,0.0411931625517741,0.5993095383930063,0.6859985238133761,35.95417339495518,1.0,0.15685728604042543,0.7842864302021271,0.2614288100673757,0.6999217906751818,0.6716595207602503,0.0847652987360098,0.847652987360098,0.15411872497456325,0.7204913869445417,0.6801937526128738,0.045130575199064535,0.9026115039812908,0.08596300037917055,0.7344472707232379,0.684055532619888,0.9389830508474576,10.234416682810215,2.289020429787826,0.16564318011329968,0.22243436233678193,0.8274754815222879,98.27189588546753
12,0.4542719815529516,0.44678649071036286,0.0463321659631371,0.04102530033342207,0.6067709783395512,0.6905334609236717,34.362380978896375,1.0,0.15710228854613287,0.7855114427306643,0.26183714757688814,0.7036062480657551,0.6762245485086401,0.08482654936243667,0.8482654936243667,0.15423008974988486,0.7240333735403373,0.6847328836317644,0.04516676875104404,0.9033353750208809,0.08603194047817912,0.7380239605804574,0.6886087830578309,0.9372881355932203,10.245684194073265,2.231030399439973,0.1669042713650152,0.2220370054025377,0.8286185319096093,98.66074919700623
13,0.4453355334785573,0.4383574582989648,0.042202179927920226,0.04056498502145208,0.6086641795200178,0.6935325907435399,35.104181747313326,1.0,0.1584275293724595,0.7921376468622975,0.2640458822874325,0.7081055409870639,0.679997030272658,0.08500473300295117,0.8500473300295117,0.15455406000536576,0.7269279825327786,0.6878223281071436,0.04514449579597973,0.9028899159195947,0.08598951580186617,0.7403941974328607,0.6915731730995754,0.9387711864406779,10.228014965174815,2.2683299408902093,0.16902569642533066,0.2209380948471928,0.8284788693979332,98.27946376800537
14,0.4392265960476671,0.4325916984964105,0.03942664915103674,0.040212175120985516,0.6158472075282588,0.6980667023615992,34.034467397962025,1.0,0.15885071551868143,0.7942535775934072,0.2647511925311357,0.7119601592518631,0.6844664699222303,0.08537780500027842,0.8537780500027842,0.15523237272777893,0.7312812668633238,0.6924833858780627,0.04535330474970767,0.9070660949941534,0.08638724714230031,0.7447908631867366,0.6962105709165877,0.9447033898305085,10.277964783297891,2.225053772893672,0.1616991042528262,0.2254498411327979,0.8325933172593337,98.25381255149841
15,0.4311248099816018,0.4247104834982245,0.03764692345032237,0.03997557755613674,0.611169886964753,0.6948531996035848,34.93980733893869,1.0,0.1585054847151846,0.792527423575923,0.264175807858641,0.7091439079007464,0.6812721569500899,0.0851773484046996,0.8517734840469959,0.1548679061903629,0.7283850211837681,0.6892627121565259,0.0452419399743861,0.9048387994877221,0.08617512376073543,0.7417802277297589,0.6929295390320239,0.9377118644067797,10.258245605190442,2.239038081349413,0.16612809124984085,0.2189397135704057,0.832603243317529,98.40026259422302
16,0.42612274058476224,0.41994137027889944,0.03574771309874738,0.03977155910937929,0.6202461161534607,0.7005877497113245,34.6857842864302,1.0,0.15879503313102067,0.7939751656551033,0.26465838855170115,0.7134433818134794,0.6865842567329287,0.08578428643020213,0.8578428643020213,0.15597142987309479,0.7341921860085252,0.6952032716496216,0.04545353304749707,0.9090706609499415,0.0865781581857087,0.7471704946398475,0.6987773955397341,0.9470338983050848,10.259641778274245,2.210551342777516,0.16290568613506212,0.22418888074933796,0.8395369145003471,98.40396666526794
17,0.421627286128942,0.41579485630842,0.032873547009743986,0.03953487173519876,0.6205802104794254,0.7021068046132299,35.196113369341276,1.0,0.159173673367114,0.7958683668355699,0.26528945561185663,0.7155172533724758,0.6886268723202851,0.08544462386547134,0.8544462386547135,0.15535386157358427,0.7345846270433857,0.696569368323085,0.04533660003340943,0.9067320006681886,0.08635542863506558,0.7478536456069786,0.7002363523826929,0.9466101694915254,10.251014185566516,2.2023942740180322,0.16509517837296922,0.220706443927541,0.8342702758353658,98.15781569480896
18,0.41524100568943767,0.4096546373613317,0.03092182201581411,0.03919194216165696,0.6221393173339272,0.7032394702765574,33.22401024555933,1.0,0.15910685450192102,0.7955342725096052,0.26517809083653504,0.7161653151953914,0.6896068823431148,0.08560053455092155,0.8560053455092155,0.1556373355471301,0.7357434691146928,0.6977011791408472,0.04545353304749707,0.9090706609499415,0.0865781581857087,0.7492295989973411,0.7014389963021042,0.9438559322033898,10.27590840066126,2.209969142954389,0.16359645649321966,0.22078153947030962,0.8411011393215196,98.41016149520874
19,0.4118602033922791,0.4063134045483623,0.03064570017471596,0.039048265616835595,0.6185756445236372,0.7019841235112044,34.233142157135696,1.0,0.1596302689459324,0.798151344729662,0.2660504482432207,0.7159691537964835,0.6884588971175084,0.08592906063812016,0.8592906063812016,0.15623465570567302,0.7357595156785195,0.696638087460238,0.045514783673923934,0.9102956734784787,0.0866948260455694,0.748707538354404,0.700219696519923,0.9434322033898305,10.28197121971931,2.169234589708894,0.1622300461018442,0.22154059849156563,0.8407146445298566,98.6428542137146
20,0.40731815720722575,0.40204691050383656,0.028398074092815407,0.038809620706542786,0.6235313770254468,0.7056275753972246,34.24528091764575,1.0,0.1598641349741077,0.7993206748705385,0.2664402249568462,0.7193340553893907,0.6925367039738664,0.08557269335709115,0.8557269335709116,0.15558671519471118,0.7376554908099529,0.7001450614583306,0.045350520630324624,0.9070104126064925,0.08638194405776119,0.7506736444930364,0.7037454274156958,0.9444915254237288,10.230116948100475,2.195364171209802,0.16520006886465963,0.2186969243670585,0.8372870587887654,99.18395972251892
