Epoch,TrainLoss,Val_Accuracy@1,Val_MRR,Val_MeanRank,Val_MedianRank,Val_Precision@5,Val_Recall@5,Val_F1@5,Val_NDCG@5,Val_MAP@5,Val_Precision@10,Val_Recall@10,Val_F1@10,Val_NDCG@10,Val_MAP@10,Val_Precision@20,Val_Recall@20,Val_F1@20,Val_NDCG@20,Val_MAP@20,Val_CatalogCoverage@10,Val_Loss,Seconds
1,1.0206998056125207,0.2822242903676128,0.3944147111345445,56.14177136652707,5.0,0.10241973010702651,0.5120986505351326,0.1706995501783775,0.40418640796489264,0.3683056718887338,0.06150147355359081,0.6150147355359081,0.11182086100652876,0.43733066160886935,0.38190622068588576,0.0358189855746859,0.716379711493718,0.06822663918987791,0.46291202900573997,0.38890239936083315,0.6442516268980477,3.5671336187472433,45.19245266914368
2,0.4675627656645724,0.36373507057546145,0.47928694198800914,43.14836357995967,3.0,0.12033503955328059,0.601675197766403,0.20055839925546767,0.49209211450385343,0.4555348741016493,0.0698464402047464,0.698464402047464,0.12699352764499344,0.52341458175665,0.4684756475880254,0.03965022491081123,0.7930044982162247,0.07552423792535472,0.5474122420622739,0.4751121835673996,0.7912750060255483,3.113668232014406,44.36159896850586
3,0.3221084026639545,0.4067783465177602,0.5147395886339551,36.53187529083294,2.0,0.12644640918256553,0.6322320459128277,0.2107440153042759,0.5271550696965384,0.49216431415128487,0.07231270358306188,0.7231270358306189,0.13147764287829433,0.556748700487508,0.5044968928577584,0.04075926787653172,0.8151853575306344,0.07763670071720327,0.5800547987314746,0.51091152253752,0.819233550253073,2.939683004444064,44.400434255599976
4,0.24727959543074443,0.43306964479602916,0.5365905813593445,33.32875756165659,2.0,0.1298278268962308,0.649139134481154,0.21637971149371799,0.547088641005709,0.5132296675456285,0.07533736621684504,0.7533736621684505,0.1369770294851728,0.580788787105298,0.5271325595022663,0.042023421746548786,0.8404684349309757,0.08004461285056912,0.602986835673289,0.5333187552231672,0.8553868402024585,2.843574127486016,44.60578751564026
5,0.19768904590120806,0.4340778656739569,0.5448091990459252,31.52613618737397,2.0,0.13293004498216227,0.6646502249108113,0.22155007497027043,0.5581420384860281,0.5226009513468797,0.07653947572514348,0.7653947572514348,0.1391626831366245,0.5906112269670387,0.5359345801295545,0.04229098805646037,0.8458197611292074,0.08055426296468642,0.6110805459713143,0.5416247647175759,0.876114726440106,2.8079254495944093,45.899333477020264
6,0.16527050141576916,0.4682022646192027,0.5717255936963228,32.41306033814177,2.0,0.1379556382813712,0.6897781914068559,0.22992606380228534,0.5861895420030634,0.551713975492477,0.07766402978129362,0.7766402978129362,0.1412073268750793,0.6142267706232177,0.5632539190124113,0.04266325422677214,0.8532650845354428,0.08126334138432788,0.6337127383929303,0.5686627720387752,0.8941913714147988,2.737884136878632,44.81201362609863
7,0.14121318043950024,0.4529238405459904,0.567069023330365,32.773925856987745,2.0,0.1390414146114472,0.695207073057236,0.2317356910190787,0.5845158939285829,0.5474574737604053,0.07802854040639057,0.7802854040639057,0.14187007346616465,0.6120633180428335,0.5588463995804619,0.04288040949278734,0.8576081898557468,0.08167697046245206,0.6316703120447852,0.5642576588482922,0.9093757531935406,2.7555512773985082,44.26928901672363
8,0.1240908929146081,0.4505196215293935,0.5635664467722661,31.48774623856057,2.0,0.13893283697843958,0.694664184892198,0.23155472829739931,0.5812943963933558,0.5434956827464972,0.07812160694896851,0.7812160694896851,0.14203928536176094,0.6094466704937588,0.5552095720662495,0.04287265394757252,0.8574530789514503,0.08166219799537622,0.6288759691377332,0.5606242507163286,0.90118100747168,2.7571196948832943,44.658427476882935
9,0.10706424706659741,0.48821157127346054,0.5923488941014012,31.828137118039397,2.0,0.14248487668683107,0.7124243834341554,0.23747479447805178,0.6083872083248096,0.5736983609947779,0.0794478051807042,0.794478051807042,0.14445055487400765,0.6350059276251142,0.584731578118037,0.043186753528773075,0.8637350705754615,0.08226048291194872,0.6526171533768129,0.5896173496174558,0.9023861171366594,2.6964015247693482,45.17417001724243
10,0.09894870882708875,0.4834031332402668,0.5889974340398333,30.80936869861951,2.0,0.14189545525050412,0.7094772762525206,0.2364924254175069,0.6046722310278139,0.5697378625717389,0.07972700480843803,0.7972700480843803,0.14495819056079642,0.6331561825017638,0.5815469112002384,0.04324492011788429,0.8648984023576858,0.08237127641501771,0.650262690791441,0.5862473808602813,0.91588334538443,2.7740397925929394,44.9095995426178
11,0.0933769944787595,0.46866759733209246,0.5816837910327911,32.07422056770591,2.0,0.1426554986815573,0.7132774934077866,0.23775916446926215,0.6004352914099034,0.5627371904244868,0.07970373817279355,0.7970373817279355,0.14491588758689739,0.6277106636064248,0.5741050654789603,0.04341941988521793,0.8683883977043586,0.08270365692422461,0.6457987116289142,0.5790935783437785,0.9190166305133767,2.817958112870221,44.507461071014404
12,0.08607770359860151,0.500542888165038,0.6021761103783383,30.889793702497286,1.0,0.14375678610206297,0.7187839305103149,0.2395946435034383,0.617910674092134,0.5842355617599917,0.0797968047153715,0.7979680471537149,0.14508509948249362,0.6434270679374685,0.5947160731828018,0.04328757561656584,0.8657515123313169,0.08245252498393495,0.6606604659016307,0.5994961585787814,0.9199807182453603,2.689108669730107,44.84896445274353
13,0.08023783288801675,0.509229098805646,0.6080441914273786,30.627035830618894,1.0,0.14471847370870172,0.7235923685435086,0.24119745618116956,0.6235483994122737,0.5902280130293159,0.07998293780052737,0.7998293780052738,0.14542352327368613,0.6482895260849982,0.6004897688355111,0.043524119745618116,0.8704823949123623,0.08290308522974879,0.666306909838173,0.6055155317154022,0.9202217401783562,2.7286841308347602,44.85449409484863
14,0.07722573040541196,0.5025593299208935,0.6020764274187111,32.33573755234993,1.0,0.14343105320304017,0.7171552660152009,0.23905175533840028,0.6171642545847487,0.5838516622718577,0.07969598262757872,0.7969598262757872,0.1449017865955977,0.6430769714218194,0.5946066645985212,0.04325655343570653,0.8651310687141306,0.08239343511563148,0.660368969233547,0.5993803617243114,0.9187756085803808,2.7714718818220776,44.971874475479126
15,0.07449980347905479,0.49860400186133086,0.6031338554912413,30.560803474484256,2.0,0.14484256243213897,0.7242128121606949,0.24140427072023163,0.6199604348209415,0.5851403753683884,0.08036295951605398,0.8036295951605398,0.14611447184737086,0.6457321375234628,0.5958293016808606,0.043590041879944155,0.8718008375988832,0.08302865119989362,0.6630624904337419,0.6006338097417612,0.9180525427813931,2.7694198705437425,44.74433469772339
16,0.0700113757154611,0.5034124398945246,0.6103995806310721,31.255777881185047,1.0,0.14619202729951916,0.7309601364975958,0.24365337883253194,0.627466687811538,0.5927860503593403,0.08097564758802543,0.8097564758802543,0.14722845016004624,0.6530964134667131,0.6034517408121409,0.043652086241662794,0.8730417248332558,0.08314683093650056,0.669142978441742,0.607879087744867,0.9301036394311882,2.712348817281248,45.21748423576355
17,0.06772078845390693,0.5135722041259501,0.6157313523986485,31.40003102218086,1.0,0.1472622925391655,0.7363114626958275,0.24543715423194254,0.6332162326168544,0.5988134015821311,0.08113851403753683,0.8113851403753684,0.1475245709773397,0.6575959318175915,0.6089327877368826,0.043652086241662794,0.8730417248332558,0.08314683093650056,0.6732644875347557,0.613275959582102,0.93058568329718,2.7596161494573845,45.09211754798889
18,0.06534557952700054,0.5133395377695052,0.6163744694292494,31.267100977198698,1.0,0.14695207073057234,0.7347603536528617,0.24492011788428725,0.6331184047998868,0.5991404270720232,0.08132464712269273,0.8132464712269273,0.14786299476853224,0.6585680689697525,0.6096830751844712,0.04364820846905538,0.8729641693811075,0.08313944470296263,0.673741230749862,0.6138865347691506,0.9223909375753193,2.733096036797108,44.66922950744629
19,0.06304139344299904,0.5202419730107026,0.6186084544391514,31.489840235768575,1.0,0.14642469365596403,0.7321234682798201,0.2440411560932734,0.6340160843134024,0.6012900056873998,0.0809678920428106,0.8096789204281061,0.14721434916874654,0.6591702285508843,0.611714904926864,0.043710252830774,0.8742050566154801,0.08325762443956954,0.6755950865429384,0.6162803378952315,0.9339599903591227,2.7364876594620378,44.816385984420776
20,0.06258202399243282,0.507057546145494,0.6140129126852029,29.929502093997208,1.0,0.14778966961377385,0.7389483480688692,0.24631611602295642,0.6328212263430965,0.5973152887648001,0.08127035830618892,0.8127035830618893,0.1477642878294344,0.6567658569004969,0.607254019957603,0.043652086241662794,0.8730417248332558,0.08314683093650056,0.6721250248065993,0.6115240012074092,0.9276934201012292,2.738823805628996,45.21752977371216
21,0.058328635545136225,0.5166744222118815,0.619553753115809,30.949433845199316,1.0,0.14765006979990694,0.7382503489995347,0.24608344966651158,0.636740556576176,0.6027842407321234,0.08117729176361098,0.8117729176361098,0.14759507593383814,0.6606334642052271,0.6127137083570308,0.043659841786877616,0.8731968357375524,0.08316160340357641,0.6762755081529407,0.6170664843863876,0.9288985297662087,2.7495507142220945,44.883063077926636
22,0.05719877122027006,0.4749495889561036,0.5976739567867773,31.18496975337366,2.0,0.14851869086396774,0.7425934543198387,0.24753115143994622,0.6221180363823624,0.5816400392947624,0.08122382503489996,0.8122382503489995,0.14767968188163627,0.6446398766060581,0.5909330905724577,0.04366371955948503,0.8732743911897006,0.08316898963711435,0.6601621688953052,0.5952398982754199,0.9276934201012292,2.8060385679041153,45.1629524230957
23,0.05692370696916467,0.5198541957499612,0.620379367386532,33.05545214828602,1.0,0.14738638126260276,0.7369319063130138,0.24564396877100458,0.6370857088472498,0.6037278320665942,0.0811540251279665,0.811540251279665,0.14755277295993907,0.6612629524916082,0.6137326084976155,0.04357840856212192,0.8715681712424383,0.08300649249927984,0.6764817103429245,0.6179317786080039,0.9250421788382743,2.7352013556147723,45.23681592941284
24,0.05404883946839527,0.5211726384364821,0.6225674045170911,31.797425158988677,1.0,0.1474484256243214,0.7372421281216069,0.24574737604053568,0.6384507779127188,0.6053771780156145,0.0815883356599969,0.815883356599969,0.14834242847272164,0.6639332554930962,0.6159235500208046,0.043838219326818674,0.8767643865363735,0.0835013701463213,0.679378582014132,0.6201904894705528,0.925765244637262,2.7256122255983586,45.14518404006958
25,0.053315048587047595,0.5152008686210641,0.6215865580184569,31.17232821467349,1.0,0.1492166899333023,0.7460834496665115,0.24869448322217053,0.6408039134728635,0.6055387518742568,0.08152629129827826,0.8152629129827826,0.1482296205423241,0.6632457382897199,0.6148407897360899,0.04390414146114472,0.8780828292228944,0.08362693611646613,0.6792687463483092,0.6193122984171399,0.9317907929621596,2.7186699179839735,44.56080746650696
