video_id,events,users,content_seconds,ccid,rank
V_1395633,48246,45234,6404691.979235359,98742EFD5E62CAF59C33DC5901307461,1
V_6043065,33680,181,690064.4999999994,5B96029FBD4A8CF09C33DC5901307461,2
V_1395634,31327,28950,2660740.807161296,9232E85E65B3F1C39C33DC5901307461,3
V_7427162,29884,157,219641.15,170B25CA7EDDEC129C33DC5901307461,4
V_6043067,29267,149,506822.00000000134,41C0E8B591E095359C33DC5901307461,5
V_6043034,28036,142,431487.75000000023,AD38F0333DCFD93B9C33DC5901307461,6
V_7427163,26938,145,202047.25,1A050F07783869079C33DC5901307461,7
V_8014850,26208,25,137936.0,2AE035AC60A9C09F9C33DC5901307461,8
V_7427173,25865,183,223574.2,B482F967992FEDE79C33DC5901307461,9
V_6043037,25191,148,360337.5,3CDEE151DD65F5749C33DC5901307461,10
V_7427161,24636,145,180428.1,2F0AF6F8B03E08DD9C33DC5901307461,11
V_6043036,24340,166,384879.69999999984,C99194C4BF0F06189C33DC5901307461,12
V_8014851,24221,29,132370.0,3CDAAE7CFFDD99859C33DC5901307461,13
V_1395635,23313,21722,1550494.5245068814,1555F0E7D894E1859C33DC5901307461,14
V_7427165,22350,149,167669.5,46ADDE6DFCE873309C33DC5901307461,15
V_7427154,21770,181,174786.15,E935565BA687DB4A9C33DC5901307461,16
V_6043038,21486,166,358771.7,D5404B143F1DBF5F9C33DC5901307461,17
V_7427175,21287,159,172360.0,4568C05635559CA79C33DC5901307461,18
V_7427164,21106,147,158906.5,8901026DB6021DE29C33DC5901307461,19
V_8014858,20897,23,107494.0,0FEFE34998A087289C33DC5901307461,20
V_6043035,20836,149,341360.69999999995,107FD4E4305C0D599C33DC5901307461,21
V_8014838,20711,22,108010.6,3F820DBC96187B2E9C33DC5901307461,22
V_7004647,20279,132,130870.1,DBDB6DF8FFB69B069C33DC5901307461,23
V_6059422,20113,142,310447.60000000003,0F5DFFD21233E1A69C33DC5901307461,24
V_7004654,19727,142,158528.90000000002,E076F4F39D8CCEB49C33DC5901307461,25
V_7004648,19600,138,136407.95,0F21EA2CB5AEF4B19C33DC5901307461,26
V_8014864,19588,20,99089.9,1C4780257F07B4439C33DC5901307461,27
V_7004652,19531,152,157490.6,FA88F2B3FC1DA2049C33DC5901307461,28
V_7427177,19488,126,141479.75,D1C049ADBDDF4B0D9C33DC5901307461,29
V_7427178,19273,143,144735.0,10770F97FB8F26089C33DC5901307461,30
V_1358540,19098,17865,2135893.5977647323,30BB198AD98E3C0E9C33DC5901307461,31
V_7427146,19028,153,146817.75,A55F9670BB33B7819C33DC5901307461,32
V_7004649,18942,136,132411.25,E0B57C9CD904F45D9C33DC5901307461,33
V_1395636,18856,17464,1150796.0149075591,4ACDB16216EB28399C33DC5901307461,34
V_7427194,18617,139,147446.75,59A0F69F35C96F869C33DC5901307461,35
V_7004653,18508,110,110103.15,0B2B300980186B9F9C33DC5901307461,36
V_7004650,18448,156,145780.05,9A96A435431542D39C33DC5901307461,37
V_6026303,18297,144,290756.70000000024,8F5D6058A7EB8C229C33DC5901307461,38
V_7004642,18269,151,137418.5,FD23FE087703A2479C33DC5901307461,39
V_8014843,18202,24,94461.1,EDAD31A6838798499C33DC5901307461,40
V_7427139,18194,139,140143.7,5AF0230FB088ACE99C33DC5901307461,41
V_7004635,18108,131,127198.0,0489E1F5F0A121149C33DC5901307461,42
V_7004695,18068,166,151966.5,176CB9431CB363909C33DC5901307461,43
V_8014822,18061,17,91077.0,6FB7C3D5836556449C33DC5901307461,44
V_7427174,18004,144,142507.1,D5EBD7948D9149749C33DC5901307461,45
V_8014846,17793,25,93021.0,38E79D4FAE0B858B9C33DC5901307461,46
V_7427135,17778,165,153586.05,3A8B90EAB51A5BF19C33DC5901307461,47
V_7427202,17660,128,136687.8,F52220BA5D4E9EF59C33DC5901307461,48
V_7004644,17464,150,154984.45,BB549545DFB4C3199C33DC5901307461,49
V_7427166,17299,140,138552.0,E4D3D2F15A9834049C33DC5901307461,50
V_7427156,17292,167,148207.5,D8DA4CA682FF8FCE9C33DC5901307461,51
V_7004636,17118,131,123991.0,DFC9C7FB34F82FD89C33DC5901307461,52
V_7427192,16962,126,129554.55,D40A61AB26FE16799C33DC5901307461,53
V_7004634,16906,144,142868.5,0DB67705C2C0B5119C33DC5901307461,54
V_7004637,16897,157,145572.75,285F23268616E26A9C33DC5901307461,55
V_7004643,16869,126,124747.0,7EAA1711A6C4B4019C33DC5901307461,56
V_7427176,16779,129,128019.45,6CFB3A74F65564C49C33DC5901307461,57
V_7427220,16631,116,128688.75,25D1AF5B11FCF3559C33DC5901307461,58
V_8013814,16523,13,83745.0,EF3A569E63CBFF1A9C33DC5901307461,59
V_8013839,16353,13,83196.2,61508D52D75FF2099C33DC5901307461,60
V_6043053,16276,134,246282.30000000013,304D06F0510274079C33DC5901307461,61
V_7004645,16244,116,110320.0,5C91BE711BBC14029C33DC5901307461,62
V_1395637,16233,15073,1085125.8238399993,6E115255ECD8EA979C33DC5901307461,63
V_8013837,16216,11,82577.0,26D6189F5706E18F9C33DC5901307461,64
V_8014868,16180,23,81906.0,CC9B6F870D52971B9C33DC5901307461,65
V_8014814,16143,18,83381.0,E412414F4BA5433F9C33DC5901307461,66
V_6043054,16058,129,241998.75000000003,DDFE127DAD699DEC9C33DC5901307461,67
V_7427236,15766,144,165492.30000000002,4BE9A888674C57939C33DC5901307461,68
V_8014869,15678,20,80030.4,65A38A2D213BBB4F9C33DC5901307461,69
V_7004620,15627,180,142834.40000000002,8C3BD9BE6B3DDFAB9C33DC5901307461,70
V_1395641,15596,14356,4049222.642517265,D0FE264EEE7083189C33DC5901307461,71
V_8014823,15538,20,78095.0,B86BA20DA5E4A9E19C33DC5901307461,72
V_7427157,15532,130,114170.75,58543120800866E09C33DC5901307461,73
V_7004626,15517,172,155666.25,8084FC8E5B3D89B19C33DC5901307461,74
V_8014828,15466,26,80363.0,688C603DFA5757889C33DC5901307461,75
V_8014836,15452,20,79529.0,7EF23B202683A6A19C33DC5901307461,76
V_8014845,15446,28,80951.0,3B4B1BC7C8207F5F9C33DC5901307461,77
V_1395638,15431,14350,1262045.5346601638,7005A8604CF65A6A9C33DC5901307461,78
V_8014844,15409,23,80173.0,CCD16342A15E238E9C33DC5901307461,79
V_7427145,15357,133,114942.9,ADE0CF1A87A87D329C33DC5901307461,80
V_7427219,15235,116,122799.0,32A0CC61E4B7B0889C33DC5901307461,81
V_8014857,15204,25,80122.0,5A050C220A12A6959C33DC5901307461,82
V_8013829,15152,13,77674.7,086E566495E65D499C33DC5901307461,83
V_7720318,15083,12,76754.2,F77B4AFB41CD64549C33DC5901307461,84
V_7427136,15030,142,121462.79999999999,6BD58EBD3191E7AB9C33DC5901307461,85
V_7004621,15017,183,147605.75,48758EBF534C89999C33DC5901307461,86
V_8014826,14997,17,75493.0,7AF350FB59F419EE9C33DC5901307461,87
V_7427138,14723,145,120972.25,94D392F88D55E14D9C33DC5901307461,88
V_8014873,14521,21,74425.3,D6B6602EB45C32739C33DC5901307461,89
V_8013844,14471,11,72901.0,E099757DB06108ED9C33DC5901307461,90
V_7720320,14394,12,72328.0,51EE921FB98FF2889C33DC5901307461,91
V_7427137,14387,154,123916.7,14566911ADA10BB69C33DC5901307461,92
V_7004617,14356,257,187274.7,1BD87F72FE92B6789C33DC5901307461,93
V_8013822,14294,11,72541.0,754BB276EFD86F709C33DC5901307461,94
V_7192338,14267,52,84152.7,AC69295F8A7F63A29C33DC5901307461,95
V_7004632,14200,146,126812.45,DF13DE986879764F9C33DC5901307461,96
V_1395639,14013,13307,975797.3523073322,8E136953208995509C33DC5901307461,97
V_7004618,14011,186,136717.15,06EEF66C7C9265D39C33DC5901307461,98
V_7004624,14006,162,131358.65,89DC266BF7534A079C33DC5901307461,99
V_8013804,14005,13,71133.2,8ECBFD22D3692C879C33DC5901307461,100
V_8014865,13993,21,70882.8,56308CC0429B82E79C33DC5901307461,101
V_7192305,13915,60,87497.95,7F896AE5F1C840FD9C33DC5901307461,102
V_7720321,13848,14,70201.0,893753076FAE3C989C33DC5901307461,103
V_7427239,13830,112,116337.09999999999,838B33C6DFBEC1519C33DC5901307461,104
V_7004622,13797,183,154563.65,F360E8710B4840BF9C33DC5901307461,105
V_8013819,13629,12,69264.0,F274138DE806A28B9C33DC5901307461,106
V_7004625,13590,164,143073.15,4FCB5C38F86AB17E9C33DC5901307461,107
V_8013805,13446,14,67476.5,AFB71DDD8252C85A9C33DC5901307461,108
V_8014859,13438,19,68535.0,FF3E145683FB1C9F9C33DC5901307461,109
V_7427222,13389,112,104903.25,BF172E0E2B19C1A39C33DC5901307461,110
V_8014875,13374,19,68164.2,DE9F6B5B4B57E7DC9C33DC5901307461,111
V_8014874,13354,20,66985.7,C779640DEDEA5C889C33DC5901307461,112
V_8014808,13231,14,66911.0,9F62A89D524E51149C33DC5901307461,113
V_8014830,13213,21,66936.0,D3896EB82A5010439C33DC5901307461,114
V_7427205,13165,105,99395.25,DF36C6AACCA52FCA9C33DC5901307461,115
V_1395643,13155,11843,1526953.6856385441,71701ECA98F7BF589C33DC5901307461,116
V_7004627,12999,188,169490.75,ECA5D953992C83CD9C33DC5901307461,117
V_7592185,12969,49,79688.79999999999,229DFDF658B4DA299C33DC5901307461,118
V_7004639,12952,156,126325.4,1ED7D167AFA302579C33DC5901307461,119
V_7592189,12930,37,78916.4,89BEEA831752F90C9C33DC5901307461,120
V_7720304,12863,13,66856.0,F45A610989D587779C33DC5901307461,121
V_8013803,12843,11,64739.9,A1E126927A76F5B69C33DC5901307461,122
V_7004640,12833,201,176032.15,B5B97EA6AE16E1AC9C33DC5901307461,123
V_8014831,12826,20,65669.0,CC29D6B3971C26CC9C33DC5901307461,124
V_7004711,12820,150,96782.4,7F09DC704F25993A9C33DC5901307461,125
V_7004687,12560,154,108145.7,7E7E4CFB1DA241BF9C33DC5901307461,126
V_7444985,12560,154,177448.15000000002,A05F17742CB05D609C33DC5901307461,127
V_8014866,12544,20,63569.0,471D5A309E13D42D9C33DC5901307461,128
V_8014856,12428,26,66334.0,5377F0BE630F2BA39C33DC5901307461,129
V_7427129,12350,167,116160.5,D04EDD6EBFBE9FDF9C33DC5901307461,130
V_7444986,12336,131,133117.59999999998,D426E55EB05544AC9C33DC5901307461,131
V_7592209,12315,46,75988.65,D50130260AD185329C33DC5901307461,132
V_7004717,12290,149,101271.45,0BE0BD0B6BC582119C33DC5901307461,133
V_7192317,12191,43,67159.5,9D1FFFC7AB85D7BD9C33DC5901307461,134
V_8014761,12172,17,63852.0,442E012590BA18D69C33DC5901307461,135
V_7427130,12145,158,110725.0,FD22E313DF105CED9C33DC5901307461,136
V_8016163,12133,14,62716.0,E80FED3C034138AB9C33DC5901307461,137
V_8014872,12127,22,62900.2,8884C64F3CFCDE599C33DC5901307461,138
V_8014829,12099,22,62990.1,21A2F70B1F7E002D9C33DC5901307461,139
V_6010430,12051,121,176966.19999999998,B6D85659921EC0759C33DC5901307461,140
V_7192302,12044,66,80118.65,E595F09B8D5EED389C33DC5901307461,141
V_7592206,12013,38,72199.79999999999,EA098DEA2DDF32639C33DC5901307461,142
V_7592164,12006,39,72983.69999999998,358B47037A88EFAA9C33DC5901307461,143
V_8014832,11974,19,62270.0,73EDD8938295ACD39C33DC5901307461,144
V_8013997,11957,15,62147.0,3AB257FB4C017D959C33DC5901307461,145
V_8014654,11936,13,61299.0,87113CCCBBB1DFC89C33DC5901307461,146
V_7192344,11915,56,74628.8,4C55234E38C9CB5E9C33DC5901307461,147
V_7720309,11878,10,59300.0,BF7ACC85BDEFE8069C33DC5901307461,148
V_8014037,11801,16,63322.0,FE5694C7FD2BF8099C33DC5901307461,149
V_8014780,11745,15,68595.0,B855586BFC59FD649C33DC5901307461,150
V_8013842,11739,13,59503.0,CBA44D06375432669C33DC5901307461,151
V_7004685,11674,144,99986.15,A80B7D825CBC55C89C33DC5901307461,152
V_7427240,11661,113,108105.5,F6BB997A5A531AC39C33DC5901307461,153
V_7004631,11652,127,88956.2,9C4278DECDC3075C9C33DC5901307461,154
V_8014860,11651,19,58380.9,C7645BBF4D4971D19C33DC5901307461,155
V_7427127,11624,171,112333.5,BBC091414715A5A89C33DC5901307461,156
V_7427232,11598,109,94926.0,80D077BE1C4800EE9C33DC5901307461,157
V_8014657,11595,12,58911.0,8ADE1D2896338C289C33DC5901307461,158
V_6059414,11537,101,149854.0,8E1B4B6C809E58249C33DC5901307461,159
V_7592184,11471,42,72431.40000000001,F705CB4708D4ECE89C33DC5901307461,160
V_7192307,11415,63,71572.0,77405C0A727CBDE69C33DC5901307461,161
V_8013372,11389,12,57368.0,C63F9B3FF6EBB3039C33DC5901307461,162
V_8014650,11386,12,57847.0,0AAECBD61497FB929C33DC5901307461,163
V_8014795,11355,15,58544.0,4DA0A0CBE8E9F0849C33DC5901307461,164
V_8013982,11352,11,59380.0,E9AEE130683F27409C33DC5901307461,165
V_7427100,11339,153,104540.2,BC11FC2381F40AFC9C33DC5901307461,166
V_8016162,11337,15,58928.0,21DF51F2DDB798319C33DC5901307461,167
V_7004630,11290,135,102983.05,115D5D0B4FA79D849C33DC5901307461,168
V_1358542,11278,10503,1590612.8449620048,E62F36210A8CAD489C33DC5901307461,169
V_8013993,11222,14,56920.1,F08CB4C89F2BFD459C33DC5901307461,170
V_8014042,11189,17,58177.0,772637289D71D9179C33DC5901307461,171
V_8016204,11144,12,56436.0,6C8DAC07283B73D69C33DC5901307461,172
V_7592201,11075,36,66770.05,3B958C7485F53C569C33DC5901307461,173
V_7445003,11064,106,118349.05,509C2AB867297ABB9C33DC5901307461,174
V_7192314,11057,50,67504.40000000001,4B77EF7A137B9FF49C33DC5901307461,175
V_8014810,11033,17,57624.0,9F2D6DEBAEF53B929C33DC5901307461,176
V_7004710,11005,133,81717.05,892E53C20CEA0DAC9C33DC5901307461,177
V_8013831,10932,11,56101.6,F5EBC8806A3D0F8D9C33DC5901307461,178
V_8016152,10926,12,55135.0,D213A869DF8AF27A9C33DC5901307461,179
V_7720294,10902,19,61001.6,F219DFCDC043D1529C33DC5901307461,180
V_8013828,10886,12,56892.0,C20ED40933F10DD89C33DC5901307461,181
V_7192320,10886,62,72566.3,845D687D0AF2621B9C33DC5901307461,182
V_8013816,10862,12,55891.0,7780711C632137A49C33DC5901307461,183
V_8014820,10832,20,57242.0,45538D8ACB5DC6839C33DC5901307461,184
V_7192341,10830,47,65161.35,2066ADB2CB1368E09C33DC5901307461,185
V_7004629,10828,157,136266.95,192E95704FCFCE949C33DC5901307461,186
V_8016147,10806,14,55157.0,9FCB1670674383F39C33DC5901307461,187
V_7427204,10802,102,83923.05,EDE9E9D9301EB20E9C33DC5901307461,188
V_8014813,10793,15,54399.0,7C4CAF8F3129AFA79C33DC5901307461,189
V_7192347,10772,44,60921.950000000004,4093574BCD9977379C33DC5901307461,190
V_8016155,10759,12,54296.0,35F254701DDDF5959C33DC5901307461,191
V_8014769,10737,15,55159.0,DE01F9B24ED19BEF9C33DC5901307461,192
V_8013817,10733,13,57320.0,8FB8620531C65B679C33DC5901307461,193
V_8014023,10730,12,55367.0,AEC381310AC8427A9C33DC5901307461,194
V_7720314,10681,11,54568.0,9B6E78E12422B7049C33DC5901307461,195
V_7004713,10675,145,84676.40000000001,56105BA9C1A6129C9C33DC5901307461,196
V_8013846,10621,11,54743.0,DFFCBF433DE1F8399C33DC5901307461,197
V_7004688,10590,134,87903.45,8A5C38DD8A8C410E9C33DC5901307461,198
V_7004721,10571,129,76461.1,8ECB0F79954D30659C33DC5901307461,199
V_8014762,10571,13,54423.0,4900B8FFFAB7AE469C33DC5901307461,200
V_8014819,10538,19,54961.0,83910932A8F44E939C33DC5901307461,201
V_7004712,10496,149,80975.35,BAEC912DAE24AABA9C33DC5901307461,202
V_8013838,10474,12,52722.0,93086DD83C0FAD3E9C33DC5901307461,203
V_1395645,10469,9213,1401898.2727811341,6F403FD15AC971C39C33DC5901307461,204
V_8013823,10466,12,54705.0,1E1C84C912AE426D9C33DC5901307461,205
V_8013821,10432,9,52070.0,BC6B4D93F8803DD69C33DC5901307461,206
V_7192311,10429,55,64910.25,B29061334CB42EA69C33DC5901307461,207
V_6012580,10396,119,153109.29999999996,29583344D42D42049C33DC5901307461,208
V_8014803,10386,15,53655.2,C486119E58A2999A9C33DC5901307461,209
V_8013807,10336,14,52714.0,2F10265FA4BD8F099C33DC5901307461,210
V_6069165,10303,121,161039.35000000003,5721040F59736B4A9C33DC5901307461,211
V_7004703,10261,152,86140.5,7CD6EBC6DF1275E59C33DC5901307461,212
V_6010431,10253,115,155957.4,61C3A8AC97A6E67E9C33DC5901307461,213
V_8016143,10234,14,53694.0,E345444E3BED86C89C33DC5901307461,214
V_7720311,10214,11,52970.0,229D05C577EC63559C33DC5901307461,215
V_8013985,10183,13,52729.0,145DFF2A66F210D09C33DC5901307461,216
V_8013988,10130,13,50535.0,E4C59C87A7F7DFF29C33DC5901307461,217
V_8016145,10112,14,52176.0,0D16B704A478D3FB9C33DC5901307461,218
V_7592204,10073,28,57592.9,81EC7B3A18B846389C33DC5901307461,219
V_7004723,10027,125,75613.15,138587C94593CA169C33DC5901307461,220
V_8016213,10001,12,49895.0,43EA1402B8FA18AA9C33DC5901307461,221
V_7720319,9995,12,50610.0,F4B651E3F91D3F159C33DC5901307461,222
V_7192357,9961,54,63828.0,12981F0EB20EA5709C33DC5901307461,223
V_7720326,9924,10,51306.0,A01448A2D6EAC86D9C33DC5901307461,224
V_7004694,9840,143,77745.4,5B61BD9C2715CBD79C33DC5901307461,225
V_8013990,9824,13,49239.0,593E2B06224E7B519C33DC5901307461,226
V_8013808,9815,20,54970.5,A3536489AB6B0FA19C33DC5901307461,227
V_6059432,9702,103,134726.84999999998,3FA0AAA3F033BBD79C33DC5901307461,228
V_1395648,9697,8502,1005307.000426979,CE41BF9C8FE136149C33DC5901307461,229
V_8016271,9626,9,49239.0,B24D99A175242CFD9C33DC5901307461,230
V_8016219,9617,12,48837.0,AD4D6DF14A95AC919C33DC5901307461,231
V_7720332,9594,9,49122.0,B24D99A175242CFD9C33DC5901307461,232
V_7004691,9594,129,71866.0,84D47F5C6EFA4E609C33DC5901307461,233
V_8013999,9591,15,50600.0,AC5D841BEB42BAB39C33DC5901307461,234
V_7004719,9579,141,77263.5,54F674CAD5206E129C33DC5901307461,235
V_1358544,9524,8794,1677656.9082659013,A600D54CB3523B979C33DC5901307461,236
V_8016211,9519,13,48080.0,7B954CB5053C819C9C33DC5901307461,237
V_8013833,9512,12,49479.6,429442032ABECAE29C33DC5901307461,238
V_8016243,9494,9,48823.0,F45A610989D587779C33DC5901307461,239
V_7192331,9490,50,62311.799999999996,3F234B723516E4849C33DC5901307461,240
V_7192322,9488,59,64795.2,AEE8C1AE5322F7F59C33DC5901307461,241
V_8014789,9478,11,47324.0,0711C12D238B43059C33DC5901307461,242
V_7004722,9470,130,73060.4,9991C54A3645E27A9C33DC5901307461,243
V_8013841,9456,12,48591.3,1AE4704EF23E1C969C33DC5901307461,244
V_7592191,9447,29,54377.5,76506FBF7AAE9FC99C33DC5901307461,245
V_7427047,9445,226,120238.1,F0E3D704DE0126839C33DC5901307461,246
V_8014797,9426,14,47963.0,C4273844C3B3FF6F9C33DC5901307461,247
V_8016148,9423,13,49412.0,183117CF0D5A5C0F9C33DC5901307461,248
V_8014758,9410,16,49278.0,BC0A0A712613602B9C33DC5901307461,249
V_8013852,9386,13,50542.0,D694A1EF92BF6C659C33DC5901307461,250
V_8013862,9379,12,49149.0,D4F39F72160AD0AD9C33DC5901307461,251
V_8013812,9352,12,48511.0,863BE4125DAD62519C33DC5901307461,252
V_7720327,9309,10,46649.0,56BB4DBD59613C429C33DC5901307461,253
V_7445006,9284,87,99843.34999999999,07751D042229D6509C33DC5901307461,254
V_7592174,9267,40,58918.700000000004,EE6A88C1B3BE17159C33DC5901307461,255
V_8016158,9264,12,46418.0,2A8C32023F360E5B9C33DC5901307461,256
V_7592154,9255,51,64869.15,F01CA0AA5E68B1479C33DC5901307461,257
V_1395644,9255,8500,619993.9378608787,9FC856ADE0E849F59C33DC5901307461,258
V_7427096,9247,174,99916.25,38D96760A45354449C33DC5901307461,259
V_7427099,9241,159,94018.8,EAD16BA0649198A09C33DC5901307461,260
V_7592098,9235,58,64701.9,4AABF488A2204D1B9C33DC5901307461,261
V_8014034,9222,18,48725.0,CB315BFA2A70EBB09C33DC5901307461,262
V_8014787,9215,13,46507.0,8DF6F7DBF2E515809C33DC5901307461,263
V_7004708,9189,137,74782.25,0A16ED7499ACD0AC9C33DC5901307461,264
V_7192362,9183,49,59447.399999999994,678BE5BC4F241E859C33DC5901307461,265
V_7592158,9175,37,59507.54999999999,88CD4BC6981C29019C33DC5901307461,266
V_8016259,9157,8,45913.0,51EE921FB98FF2889C33DC5901307461,267
V_7592198,9148,37,61496.6,4C56EC19713E53B69C33DC5901307461,268
V_8014015,9122,13,47489.0,9BB2C8661AF6A7B89C33DC5901307461,269
V_7720330,9116,12,48588.5,F5741CD4C3968E359C33DC5901307461,270
V_7192298,9114,68,64974.100000000006,899C19E669F99A3A9C33DC5901307461,271
V_8016269,9113,8,45481.0,F5741CD4C3968E359C33DC5901307461,272
V_8014016,9107,12,48031.0,580EE5C61E24DB839C33DC5901307461,273
V_6059413,9100,106,120835.35,B5818BB777AC76E89C33DC5901307461,274
V_6012902,9094,87,114947.90000000007,6666C86E71D8B8629C33DC5901307461,275
V_1395646,9087,8169,1177678.0505301952,8D830B1B51308FEA9C33DC5901307461,276
V_8016182,9067,8,46569.0,DD0272CD0EB58A2B9C33DC5901307461,277
V_7426989,9036,173,45745.5,2D89DE52876E5D3D9C33DC5901307461,278
V_7192335,9015,55,60528.85,C0870BED9E42E8BA9C33DC5901307461,279
V_8016161,9005,13,45442.0,09886E1AB2E9CF8B9C33DC5901307461,280
V_8016207,8973,11,44755.0,6765A1E7D0DF5E939C33DC5901307461,281
V_8013371,8969,11,44735.0,F317C4E2769A77199C33DC5901307461,282
V_7192366,8961,46,56413.3,560AF13E10D099869C33DC5901307461,283
V_7720292,8950,11,46041.0,B9711CB09B35CD0D9C33DC5901307461,284
V_6059434,8944,117,137040.4,656B9868AE4F89919C33DC5901307461,285
V_8014007,8893,11,46337.8,710D0A6D512976F39C33DC5901307461,286
V_7004705,8888,138,70118.75,559023963E6EB7C59C33DC5901307461,287
V_8013975,8880,11,44824.1,8311F02D022104CA9C33DC5901307461,288
V_7004689,8865,124,66146.6,AA69698616685C3C9C33DC5901307461,289
V_8013860,8861,10,44669.0,76F6099BF1C9CC809C33DC5901307461,290
V_8015774,8848,14,45326.4,354F3315A9C377A59C33DC5901307461,291
V_8013984,8831,11,44930.0,F0AB5C03663764099C33DC5901307461,292
V_8013858,8827,11,46429.0,2F76A483B40B869F9C33DC5901307461,293
V_8016265,8793,8,44040.0,A01448A2D6EAC86D9C33DC5901307461,294
V_8014028,8792,15,45607.0,2E28422ED007F5579C33DC5901307461,295
V_7592165,8791,40,55920.100000000006,C1E355FECCA608A99C33DC5901307461,296
V_8014821,8779,19,45065.0,B4BB382CC5C77DEE9C33DC5901307461,297
V_7720306,8762,12,44632.0,BD36F0FDBD0E7C209C33DC5901307461,298
V_8016164,8744,13,44738.0,334119A05B4EA2A79C33DC5901307461,299
V_6010432,8742,117,136589.74999999997,87545C6E58CEFF1E9C33DC5901307461,300
V_7192370,8729,49,55560.1,9BCBF73D2BCF8D159C33DC5901307461,301
V_6069168,8728,119,162888.99999999994,F0F9281976733D7C9C33DC5901307461,302
V_7592149,8728,48,62563.45,23E3CA1BAE9E2AF69C33DC5901307461,303
V_8015777,8705,15,45244.3,AA61A2072A2EA2BD9C33DC5901307461,304
V_8016250,8699,8,43490.0,229D05C577EC63559C33DC5901307461,305
V_8013827,8674,12,47507.0,09225A53495F421E9C33DC5901307461,306
V_8013979,8669,10,44925.0,3D0720FA67A4E59E9C33DC5901307461,307
V_7720324,8664,12,46323.8,D180AAF8F35DA4CD9C33DC5901307461,308
V_8013834,8610,13,43964.5,997E4DA888D9CB849C33DC5901307461,309
V_7004702,8597,141,70151.75,0DC8310D4ABA9D629C33DC5901307461,310
V_7192327,8581,56,62502.100000000006,1CE0F138BC7FDBF89C33DC5901307461,311
V_1395649,8575,7542,1215223.8218378501,9FD40735F703810A9C33DC5901307461,312
V_6059411,8574,100,135088.79999999996,FDD7AFBDE76E5E119C33DC5901307461,313
V_7592180,8565,42,52397.5,325168541F77002F9C33DC5901307461,314
V_8016248,8548,7,42670.0,BF7ACC85BDEFE8069C33DC5901307461,315
V_7427050,8542,189,97610.7,0D0BE64B44DE4A309C33DC5901307461,316
V_8014849,8535,27,45255.0,016DCCF8806911149C33DC5901307461,317
V_7592188,8510,34,49711.799999999996,94941D7BDB2434DF9C33DC5901307461,318
V_8016233,8506,6,43131.0,F219DFCDC043D1529C33DC5901307461,319
V_7590133,8499,20,49294.399999999994,1504199BB40443989C33DC5901307461,320
V_7004720,8488,121,62333.45,6268E58AC88ACDCA9C33DC5901307461,321
V_7192364,8483,43,50967.9,A20CDB7C4DF4560F9C33DC5901307461,322
V_6012901,8481,110,143852.85,52EDC2D2B77883B99C33DC5901307461,323
V_8016266,8479,8,42305.0,56BB4DBD59613C429C33DC5901307461,324
V_8014675,8476,12,46432.0,5E951F7DFBAE023F9C33DC5901307461,325
V_7192350,8472,40,51802.9,BC3F21434AC9D9669C33DC5901307461,326
V_8016166,8462,12,42205.0,C6972BA7A476E3EE9C33DC5901307461,327
V_8014000,8452,19,47744.0,101FAFA9C602BFA39C33DC5901307461,328
V_7427000,8452,262,133477.95,540E75B37D88A1039C33DC5901307461,329
V_8016214,8444,11,42110.0,871D2D0C91126F7B9C33DC5901307461,330
V_7592143,8438,40,55935.100000000006,079D9546D920D83A9C33DC5901307461,331
V_8014867,8431,20,42448.0,7C38B2C908D00BA39C33DC5901307461,332
V_8013367,8420,11,41990.0,6C6539E1381529AB9C33DC5901307461,333
V_8014036,8419,17,43993.0,4C3043B0B56E0B669C33DC5901307461,334
V_7720316,8414,12,42732.0,C2763AF9FD2590439C33DC5901307461,335
V_7720285,8404,23,47595.0,C79BE76E73F9FD989C33DC5901307461,336
V_8014835,8386,18,42800.0,28166F96BC8672F49C33DC5901307461,337
V_7592172,8373,34,52955.799999999996,FA8835397DE61BCC9C33DC5901307461,338
V_8016260,8355,9,44172.0,893753076FAE3C989C33DC5901307461,339
V_8016257,8339,6,41647.0,F77B4AFB41CD64549C33DC5901307461,340
V_7592160,8331,32,51959.8,8757F0FBD41F77749C33DC5901307461,341
V_7720335,8312,9,41519.0,945F139818D531F99C33DC5901307461,342
V_8016270,8299,10,42573.0,934EC0CA43EA2B6C9C33DC5901307461,343
V_7720331,8299,11,43242.0,934EC0CA43EA2B6C9C33DC5901307461,344
V_7192329,8276,43,48160.99999999999,D44C6A3BC31DA1C09C33DC5901307461,345
V_7004714,8257,136,62960.8,62A9370752A541BA9C33DC5901307461,346
V_7192295,8225,87,70247.90000000001,EA47A200B62AD9059C33DC5901307461,347
V_8013813,8218,13,43538.0,E188F43E4525C7059C33DC5901307461,348
V_8016167,8205,10,40945.0,2F6EE9BD7CC67D7E9C33DC5901307461,349
V_7004709,8194,139,63729.85,A2EB8B4380717CEE9C33DC5901307461,350
V_7720303,8185,13,42701.25,AF95FF467EB3BB269C33DC5901307461,351
V_8013995,8173,13,41417.0,7A7A7003DDA172599C33DC5901307461,352
V_8013859,8145,9,40750.0,5A7217408671DC1D9C33DC5901307461,353
V_8014008,8142,10,40883.0,C4ACCE7C68D37D869C33DC5901307461,354
V_8014812,8140,15,41088.0,E5EAE7B7096BB5D79C33DC5901307461,355
V_7192355,8135,42,53348.15,021FB9EB026549779C33DC5901307461,356
V_7720310,8122,10,41011.0,5DEBFEC60AFBB5C99C33DC5901307461,357
V_7592140,8109,43,57084.85,B85337A9E19C2E6C9C33DC5901307461,358
V_7444981,8105,192,143972.35,76D31348B531CFFC9C33DC5901307461,359
V_5493179,8101,70,77429.69999999995,EFC9DA92FDF2026F9C33DC5901307461,360
V_7720328,8097,9,40907.3,7506F97422BB4CB59C33DC5901307461,361
V_8016267,8096,8,40400.0,7506F97422BB4CB59C33DC5901307461,362
V_8013809,8066,15,41552.25,7BCF45F31DC66A4D9C33DC5901307461,363
V_8013366,8041,11,40095.0,2254B5AA23F460669C33DC5901307461,364
V_7427041,8035,250,130575.75,26BE113C39068EFF9C33DC5901307461,365
V_8013364,8029,11,40035.0,A63C301180763D0F9C33DC5901307461,366
V_7592156,8007,35,54132.05,1483FFFC47F9F77F9C33DC5901307461,367
V_8014618,8005,10,44149.0,1C44362B5C2DD5FB9C33DC5901307461,368
V_7427234,7991,91,64827.0,D12425940F6935389C33DC5901307461,369
V_8013811,7982,13,41787.0,CA266259D1410EC49C33DC5901307461,370
V_6069169,7972,106,115960.60000000002,B3A961BF085960F69C33DC5901307461,371
V_8014666,7972,12,40608.0,73FBEDCD0FC9309D9C33DC5901307461,372
V_8013856,7968,12,44064.0,A5B8B818C7450D8D9C33DC5901307461,373
V_7004677,7948,221,83620.2,D4D0356F987AE97E9C33DC5901307461,374
V_8014811,7937,15,40155.0,82C509B453D7F5889C33DC5901307461,375
V_8016212,7935,12,39544.0,2BA961C45E3BA55B9C33DC5901307461,376
V_8013992,7924,15,40814.7,27271289046D40709C33DC5901307461,377
V_7590130,7923,20,44371.9,B5B37D3D965B90009C33DC5901307461,378
V_8014035,7917,16,41376.0,8EFFCE211A9ADC449C33DC5901307461,379
V_6059410,7904,93,126628.59999999998,66C564C83A70CB7D9C33DC5901307461,380
V_7004680,7901,155,73297.15,242C6A9908DAFC499C33DC5901307461,381
V_8014855,7889,24,42135.0,8185A66C6952074A9C33DC5901307461,382
V_8013832,7876,11,40517.9,7FD3F14FDDB8A9DA9C33DC5901307461,383
V_8014006,7869,11,41274.1,B95FE617D39BFCC89C33DC5901307461,384
V_7427094,7859,159,85116.0,7450F4843861D14C9C33DC5901307461,385
V_8013977,7853,10,40029.0,744FAB04C02960679C33DC5901307461,386
V_6012904,7832,84,103552.69999999995,57826076A100CE2A9C33DC5901307461,387
V_8014779,7819,13,42443.0,0AD15E2F7CFB0F829C33DC5901307461,388
V_7596363,7817,38,69346.20000000001,8FD6C67E7E682C6A9C33DC5901307461,389
V_7720296,7807,14,41722.0,8C6C6C03C0EF06C49C33DC5901307461,390
V_8014647,7804,12,39608.0,690D93FA040746419C33DC5901307461,391
V_7720308,7802,11,39067.0,B5DE96F6EA990A1C9C33DC5901307461,392
V_8014796,7791,14,39744.0,20D3386C97D0D0619C33DC5901307461,393
V_8016263,7764,8,39977.0,D180AAF8F35DA4CD9C33DC5901307461,394
V_1358549,7761,7220,1377003.804286,3F0F70E858E41EF99C33DC5901307461,395
V_7592187,7748,30,45647.2,EE7B59E36FDFB6789C33DC5901307461,396
V_8014766,7689,16,40237.0,1AADB63D87343DAC9C33DC5901307461,397
V_7720336,7673,10,39663.0,800E09BBAD26AC9A9C33DC5901307461,398
V_8016210,7668,12,38918.0,4F1D384E6EBFCE179C33DC5901307461,399
V_8013835,7648,12,38485.0,C22D4E7035A19F429C33DC5901307461,400
V_1358564,7618,6557,1902293.2230296298,AA7510300E0551109C33DC5901307461,401
V_8014794,7609,16,39844.0,5E33DEC8C476A2B49C33DC5901307461,402
V_7427057,7592,213,103022.30000000002,6E22D04766C7776C9C33DC5901307461,403
V_8014644,7589,13,38514.0,6F3A2C301C26A3319C33DC5901307461,404
V_1358546,7571,7008,779862.082121931,FCF9823E664DDFAE9C33DC5901307461,405
V_8013695,7539,6,39893.0,E7548A8FB97B2DDB9C33DC5901307461,406
V_7592121,7537,41,52028.5,A08DF58E62ADA9229C33DC5901307461,407
V_8014792,7520,11,38240.0,4E1633D70E14D6519C33DC5901307461,408
V_7192352,7505,38,48437.4,A4005B83BBFAC6D99C33DC5901307461,409
V_8013818,7495,12,39137.0,C8194711505956649C33DC5901307461,410
V_8014767,7476,16,39501.0,E052512964F02FBC9C33DC5901307461,411
V_8013368,7462,11,37200.0,A8BA3721ECA874AB9C33DC5901307461,412
V_7590150,7459,24,48465.100000000006,DA37668515362AA59C33DC5901307461,413
V_8014001,7456,16,39492.2,B3F8FB2A4E647BDF9C33DC5901307461,414
V_8016275,7453,8,37948.0,800E09BBAD26AC9A9C33DC5901307461,415
V_8016154,7425,11,37015.0,63DBBEAB703155AF9C33DC5901307461,416
V_8014003,7420,13,39018.9,00D045F293BF31419C33DC5901307461,417
V_8016209,7410,12,37592.0,CC2E4405031AC8479C33DC5901307461,418
V_5493183,7396,71,69665.40000000001,E7D6B58EEC653B789C33DC5901307461,419
V_7720307,7390,12,37659.0,03FE9C31E25449509C33DC5901307461,420
V_8016277,7386,8,37604.0,83C09CCA572CD17E9C33DC5901307461,421
V_7004692,7384,125,56086.5,BA4F09F83BD562519C33DC5901307461,422
V_5492588,7366,88,72960.20000000001,BFEECC74ED1D67E09C33DC5901307461,423
V_7592142,7351,39,48419.49999999999,ED7476164711C9C89C33DC5901307461,424
V_8013847,7348,12,38098.0,77BA2617C3BA37069C33DC5901307461,425
V_7720315,7342,12,38467.9,5732ED0C4EE506259C33DC5901307461,426
V_8014632,7336,11,36744.0,BD70F6CF71CB0EF29C33DC5901307461,427
V_5493186,7334,83,78653.40000000001,ADF06B4E5FB819719C33DC5901307461,428
V_8014025,7284,12,36769.0,6B0730FE36A5F1E39C33DC5901307461,429
V_7427095,7273,168,82479.5,8D3F034F88B05F1C9C33DC5901307461,430
V_8013861,7265,11,37378.0,7D138C90F503435A9C33DC5901307461,431
V_8016274,7250,8,36686.0,945F139818D531F99C33DC5901307461,432
V_5493180,7241,68,62882.50000000001,384FECE0E0EA2B439C33DC5901307461,433
V_8013843,7235,11,37837.0,496945FC23137A3E9C33DC5901307461,434
V_7720297,7231,13,36563.0,140AA38098C1F1FC9C33DC5901307461,435
V_8016253,7231,8,37419.0,9B6E78E12422B7049C33DC5901307461,436
V_5492642,7220,101,79672.30000000002,02910DAAA10BDB6A9C33DC5901307461,437
V_8016197,7218,12,36611.0,432BCBCE2F7491C09C33DC5901307461,438
V_8016150,7216,15,37217.0,588A7BD139D0C0F49C33DC5901307461,439
V_8016157,7185,12,36015.0,602932ED57FA3A9E9C33DC5901307461,440
V_8014672,7185,9,36733.0,AB807E7243E12CD39C33DC5901307461,441
V_8014861,7161,19,36024.5,1B06A61E3F6C839F9C33DC5901307461,442
V_8014014,7157,11,37252.0,325A5D62057B371B9C33DC5901307461,443
V_6068952,7151,105,105420.2,6631EE2CFC33ABE39C33DC5901307461,444
V_8014770,7064,13,38685.0,E9E97D5C245EA4F29C33DC5901307461,445
V_8014801,7060,15,36185.0,7F9808E0038C38269C33DC5901307461,446
V_8013824,7032,15,37145.0,0117B7A77E0B04ED9C33DC5901307461,447
V_8016245,7021,8,35017.0,BD36F0FDBD0E7C209C33DC5901307461,448
V_7592192,7015,34,45353.700000000004,9F8279C86296F90E9C33DC5901307461,449
V_8016153,7008,12,35015.0,2BB6684C54D8D00C9C33DC5901307461,450
V_5493206,6993,89,90989.6,8925DF0050CB87EA9C33DC5901307461,451
V_7592200,6988,28,42593.5,52497B42D1200DC49C33DC5901307461,452
V_1395652,6982,6158,702436.1687300476,CF9999A5EA1050339C33DC5901307461,453
V_7590154,6947,22,41747.100000000006,D9FD4A48CB16119E9C33DC5901307461,454
V_8013974,6939,11,35619.1,9521FA686A2674119C33DC5901307461,455
V_8014012,6930,9,34560.0,A148D339EA87FA129C33DC5901307461,456
V_8013365,6930,11,34540.0,A76FB71DA0BEE4969C33DC5901307461,457
V_7720337,6929,8,35631.0,83C09CCA572CD17E9C33DC5901307461,458
V_8014660,6925,13,35537.0,7177701C720716669C33DC5901307461,459
V_7590557,6920,27,47193.3,10626B9C45E795849C33DC5901307461,460
V_7427061,6918,154,75680.4,EE5838B7AA61FEA49C33DC5901307461,461
V_8013373,6915,10,35049.0,C70B915F73DA464A9C33DC5901307461,462
V_1395650,6896,6181,490627.77167765837,2E95BDC7D84B97B09C33DC5901307461,463
V_8014010,6894,9,34374.0,1F111E9032DAEE219C33DC5901307461,464
V_7427053,6885,193,88532.84999999999,D9A5C0BD82153BAF9C33DC5901307461,465
V_7590141,6883,21,41410.7,FF17B9962FDD44E09C33DC5901307461,466
V_7191655,6873,10,39140.0,DFC087CF5CE882E49C33DC5901307461,467
V_7592136,6868,45,53985.5,460414D62547CAA59C33DC5901307461,468
V_7592123,6861,44,50787.450000000004,258933659CE9E5D79C33DC5901307461,469
V_7592101,6857,50,50894.6,C455DA3F05845BA49C33DC5901307461,470
V_7004706,6850,138,56739.15,38F17CEFDB09CC689C33DC5901307461,471
V_8013428,6847,7,35465.0,B03B384C84764A9E9C33DC5901307461,472
V_7720313,6832,7,34090.0,F0D301B7315D79739C33DC5901307461,473
V_8014804,6805,15,34315.6,EBCCC5A5AFAAC91E9C33DC5901307461,474
V_7426997,6799,307,117761.75,061C44C38328B8E89C33DC5901307461,475
V_5493178,6797,70,66182.5,18931710F148655C9C33DC5901307461,476
V_7592135,6793,46,48546.8,644CA003B30EC0429C33DC5901307461,477
V_5493224,6791,85,72505.89999999995,F90785541E47F0099C33DC5901307461,478
V_8015768,6779,10,34176.8,615636B650F57ACE9C33DC5901307461,479
V_5492604,6778,87,84981.0,2D518ED0BA4351BE9C33DC5901307461,480
V_8014026,6778,14,35222.0,00BED936FB713F759C33DC5901307461,481
V_1395651,6759,6116,581479.7614410367,07C1C23AD25A00669C33DC5901307461,482
V_8016242,6747,10,34914.0,AF95FF467EB3BB269C33DC5901307461,483
V_1358562,6740,6002,1013666.4068253301,193855E7E165B37B9C33DC5901307461,484
V_8014033,6727,17,34962.0,53DA35783AB1F0589C33DC5901307461,485
V_7004696,6725,133,53441.0,5557279EAB31F25B9C33DC5901307461,486
V_8014815,6712,20,35170.5,B36E14F7FB5186ED9C33DC5901307461,487
V_8016231,6704,8,34930.0,B9711CB09B35CD0D9C33DC5901307461,488
V_8013854,6693,9,35885.0,5C55549BEA39920F9C33DC5901307461,489
V_5493202,6684,82,74360.50000000001,E41BC7EC05DB5FAA9C33DC5901307461,490
V_8016196,6680,13,37049.0,D29E39DED89E20229C33DC5901307461,491
V_5492145,6678,86,64570.69999999997,81DE54ACD388FCCD9C33DC5901307461,492
V_7191650,6665,10,35972.0,3CE53EECEC5EEDC09C33DC5901307461,493
V_8014839,6663,20,34291.5,38923F76DC4D01719C33DC5901307461,494
V_8014793,6648,11,33777.0,79421D41D1416C849C33DC5901307461,495
V_8014032,6642,17,34027.0,0EB65AAAF2CD90399C33DC5901307461,496
V_1358557,6634,5280,1195178.0331382672,B5FD6E7D14E0B8E59C33DC5901307461,497
V_8016273,6631,9,33168.0,A97EE4D77E44929C9C33DC5901307461,498
V_8014040,6622,16,34457.0,A187B3E822437A529C33DC5901307461,499
V_8015762,6615,8,32995.0,B1774C31189C90C79C33DC5901307461,500
V_8013700,6588,6,34192.0,9C1474872D077E9C9C33DC5901307461,501
V_5492117,6586,61,54082.3,E1C9B632040E318F9C33DC5901307461,502
V_6337423,6563,26,62600.59100000001,47A8B4252B8FB6DD9C33DC5901307461,503
V_5039952,6562,91,110333.09999999999,B5B97EA6AE16E1AC9C33DC5901307461,504
V_1358555,6558,5880,1324143.0692532638,1DC5DCFFFC0FB5F79C33DC5901307461,505
V_7720334,6552,7,32690.0,A97EE4D77E44929C9C33DC5901307461,506
V_5493188,6546,78,69377.29999999999,6491163012239F989C33DC5901307461,507
V_6022416,6539,5,33733.2,B4A948499263D5AF9C33DC5901307461,508
V_7720288,6522,17,36703.5,8CB8D17F96F3A9EE9C33DC5901307461,509
V_7590099,6519,18,37107.3,950FEA54D6C65EFF9C33DC5901307461,510
V_8016224,6513,9,34891.0,C79BE76E73F9FD989C33DC5901307461,511
V_8016252,6442,9,33111.0,F0D301B7315D79739C33DC5901307461,512
V_5493176,6410,78,70650.39999999997,52481F36130E4F7C9C33DC5901307461,513
V_7427043,6405,225,104589.90000000001,15CA31F400EC91459C33DC5901307461,514
V_7004693,6403,124,48052.0,C1B5C83D1914D9DD9C33DC5901307461,515
V_8014760,6397,17,34307.0,F1C2C171EC200D159C33DC5901307461,516
V_7720293,6396,11,33830.0,7FC1623AE50118499C33DC5901307461,517
V_8014471,6395,5,32040.0,ECFBB4796B67A42D9C33DC5901307461,518
V_8013848,6392,9,32667.0,8A068C406D7444139C33DC5901307461,519
V_7590131,6389,20,36888.1,BF1ABD4680F34C849C33DC5901307461,520
V_8016142,6376,13,33786.0,8C8E7E7F55A8140A9C33DC5901307461,521
V_8013423,6376,10,34489.0,DE82BF3F12D362F19C33DC5901307461,522
V_8016195,6362,8,31730.0,D501460E72367DED9C33DC5901307461,523
V_8014759,6362,15,33445.0,5AA82B20EC0281A69C33DC5901307461,524
V_7592094,6342,44,45318.1,DE5B5BE32E9EA2C69C33DC5901307461,525
V_5493181,6331,75,59054.7,6A95E3DD9A5F09729C33DC5901307461,526
V_8016249,6318,9,32046.0,5DEBFEC60AFBB5C99C33DC5901307461,527
V_5492106,6309,83,65552.00000000001,DFAD9BD2850AF3039C33DC5901307461,528
V_8013400,6305,9,32246.0,BDA7D5BFD0B6F2649C33DC5901307461,529
V_1395653,6304,5752,595317.9449519218,61446D334C486BEE9C33DC5901307461,530
V_8016206,6292,11,31350.0,EE5BFF27107FCA969C33DC5901307461,531
V_5493193,6278,88,80852.6,28303BCCFA1E07BE9C33DC5901307461,532
V_6069170,6277,109,92287.7,6DF6D406D99264289C33DC5901307461,533
V_7444991,6258,80,60373.95,20F297E48885BB1E9C33DC5901307461,534
V_5492146,6257,81,67889.69999999998,509FA7935B3038329C33DC5901307461,535
V_7426999,6249,239,96833.90000000001,947B388B9FC3049D9C33DC5901307461,536
V_8014690,6249,9,31174.0,EE12DB0EB16126F49C33DC5901307461,537
V_5493204,6240,85,70256.79999999997,85F6A4ABB6881FD99C33DC5901307461,538
V_8013986,6237,13,31796.0,CB2537FF3780F3129C33DC5901307461,539
V_5492672,6236,91,67055.49999999996,B882F453DBE1E69D9C33DC5901307461,540
V_8014017,6232,13,34447.0,8966ADD94FB07A2B9C33DC5901307461,541
V_8013857,6226,12,34069.0,5DA3381F8832F4399C33DC5901307461,542
V_7596311,6220,16,35594.8,8B03039EDF10187D9C33DC5901307461,543
V_8014700,6200,7,30927.0,DA6BC4D2D31C6FF39C33DC5901307461,544
V_7720302,6184,14,32171.25,B3F7493E041FA5289C33DC5901307461,545
V_5493189,6177,78,69766.19999999997,058A1E856640DD2A9C33DC5901307461,546
V_8016181,6176,9,31898.0,0DF319595BD32AF19C33DC5901307461,547
V_8014703,6175,8,31299.0,760B73323DDF8B8F9C33DC5901307461,548
V_1395655,6175,5369,642990.6121101776,52FF04849B34A14D9C33DC5901307461,549
V_8014684,6172,12,32584.0,2E265D449363DE969C33DC5901307461,550
V_7590091,6156,22,39563.8,5FB20DDE103026269C33DC5901307461,551
V_7590134,6150,21,35983.9,F80398FAC0F3F6949C33DC5901307461,552
V_7590078,6125,20,39016.7,F6D47E773C4B6E6B9C33DC5901307461,553
V_5493228,6124,80,70097.79999999999,1CA3DDB88D9F726C9C33DC5901307461,554
V_8013826,6118,13,32992.0,672894A27CC46AD69C33DC5901307461,555
V_7004679,6106,152,60963.75,9A46C21E1170E1069C33DC5901307461,556
V_8014616,6104,6,30671.0,B605F36A881772939C33DC5901307461,557
V_7592150,6098,42,46663.299999999996,8F08F01741A5AEE29C33DC5901307461,558
V_8016199,6078,12,30823.0,22737A228FD8D41A9C33DC5901307461,559
V_7877390,6063,9,32239.0,4B9F9F9697738D019C33DC5901307461,560
V_8014308,6062,8,30431.0,84E434F7FA33D4DD9C33DC5901307461,561
V_7877387,6052,12,36034.0,0508A179531F67739C33DC5901307461,562
V_5492109,6046,71,54188.49999999999,4FA5BA0A30B72A619C33DC5901307461,563
V_8016165,6044,12,30648.0,F3B67F85030EDA089C33DC5901307461,564
V_8016235,6042,8,30314.0,8C6C6C03C0EF06C49C33DC5901307461,565
V_8014626,6034,10,30824.0,BDE97CB3E604DB719C33DC5901307461,566
V_7596360,6033,32,51411.90000000001,BF7200E8E93A67AB9C33DC5901307461,567
V_5492148,6007,84,61288.89999999997,C851F39E0F08953F9C33DC5901307461,568
V_7590144,6007,21,35316.7,99FADE0B7F258A4E9C33DC5901307461,569
V_7004686,6006,132,49429.75,A55373DB1B5B6B7B9C33DC5901307461,570
V_8014818,6004,19,31433.0,633CBB5DB0477E3A9C33DC5901307461,571
V_7590139,5999,22,35054.2,EBE392AFB9219AA99C33DC5901307461,572
V_5493213,5994,80,74530.49999999999,AA136F5D5D7988CA9C33DC5901307461,573
V_7592152,5988,43,47934.2,A0E117C44D63BB899C33DC5901307461,574
V_8014809,5985,17,30981.0,298967460D45DE209C33DC5901307461,575
V_8015786,5982,13,31361.0,FFAFD5EA4DA2B4F39C33DC5901307461,576
V_7590106,5976,19,34874.2,317018F0328D03089C33DC5901307461,577
V_8013427,5971,8,31180.0,A993F58E0D3EE6519C33DC5901307461,578
V_6059433,5971,100,83400.40000000004,8D0FA801514C5A5A9C33DC5901307461,579
V_5493173,5970,75,61920.69999999999,F6450D4B6208D8509C33DC5901307461,580
V_7594638,5966,25,36003.0,E83B2F401A4BD15F9C33DC5901307461,581
V_7596330,5962,31,51158.15,A9E86DA517D0A77E9C33DC5901307461,582
V_7252142,5938,5,30858.0,D6E9AD974B388B359C33DC5901307461,583
V_7191656,5937,8,30309.0,85413314CBEA49A59C33DC5901307461,584
V_7427060,5929,185,86844.45,AFCA8FF35404C7489C33DC5901307461,585
V_8013806,5924,13,29515.0,E9FE3783C037C8629C33DC5901307461,586
V_5492618,5914,88,68713.50000000004,4BA80BCEB1EDD1FB9C33DC5901307461,587
V_6059415,5907,95,89549.50000000001,AAD1C32723F40BF59C33DC5901307461,588
V_1385204,5901,5182,1282271.914432483,BA466854742FA59A9C33DC5901307461,589
V_7877405,5895,7,31744.0,1D708D2B8E7D4D0F9C33DC5901307461,590
V_5493184,5873,70,54877.39999999999,8E7F006A6F3D21DA9C33DC5901307461,591
V_1358553,5871,5335,667118.4609412366,99BCE3B9C428CD9F9C33DC5901307461,592
V_5492143,5866,76,58515.79999999997,DDF7B68659CCC3BF9C33DC5901307461,593
V_7877404,5855,7,30900.0,5BD171BBC4BECB9B9C33DC5901307461,594
V_8016258,5855,9,29403.0,F4B651E3F91D3F159C33DC5901307461,595
V_7427258,5847,83,45207.5,8696BD68EDFC06099C33DC5901307461,596
V_7596319,5846,29,44208.9,3CBB4DDC95CB30E29C33DC5901307461,597
V_7427059,5835,202,88863.25,05C71B813253B10A9C33DC5901307461,598
V_7594604,5832,30,34904.9,56B72BC4EC72D48B9C33DC5901307461,599
V_8013421,5825,9,31618.0,8DB4D71EE40B3F889C33DC5901307461,600
V_5493205,5822,85,70514.49999999997,ED68A7920E9D27CD9C33DC5901307461,601
V_8013853,5821,10,31289.0,3FB62695B6E2F8869C33DC5901307461,602
V_7590158,5820,16,31635.1,6C992C49F824EE1D9C33DC5901307461,603
V_5493240,5798,95,91129.10000000003,DC39560021AB0D7C9C33DC5901307461,604
V_7427038,5783,207,87351.25,6D6E17BB7C10B8869C33DC5901307461,605
V_8015780,5781,14,30083.0,1FB3DD9CE5D22B909C33DC5901307461,606
V_7592104,5774,47,42743.4,03EA84F881C833549C33DC5901307461,607
V_8016246,5768,8,28770.0,03FE9C31E25449509C33DC5901307461,608
V_7427242,5768,85,50349.0,B17BBD14CAF4D80A9C33DC5901307461,609
V_7592106,5767,43,44083.6,A96E2831646DEBBC9C33DC5901307461,610
V_7720300,5765,14,30813.25,0DB524DF90718EE99C33DC5901307461,611
V_8014641,5759,11,29262.0,29472415855ACB329C33DC5901307461,612
V_1358568,5752,4802,1169027.598808834,2D76FB59069E390B9C33DC5901307461,613
V_5149588,5731,86,68031.80000000009,E15037D2E115C4349C33DC5901307461,614
V_6068951,5724,101,83857.24999999999,74BB5BADDFB998CC9C33DC5901307461,615
V_8014027,5718,15,29498.0,1ACA21044D9B76B09C33DC5901307461,616
V_7720301,5699,12,29313.0,466307D3689A075C9C33DC5901307461,617
V_8016160,5687,12,28315.0,A1CBDD21587D99779C33DC5901307461,618
V_7594641,5687,22,35112.6,231067D6EF4815B99C33DC5901307461,619
V_5493195,5679,80,72381.89999999998,806CD8BC575A48EB9C33DC5901307461,620
V_7592071,5673,63,57302.8,73DBCBABF096F5839C33DC5901307461,621
V_5493225,5669,72,58532.399999999994,39873D54B590E50D9C33DC5901307461,622
V_7720298,5664,12,29247.8,16D2A5D0706D63C99C33DC5901307461,623
V_8013978,5663,9,28928.0,568F3922F5D1EBE59C33DC5901307461,624
V_7594571,5650,25,36650.4,046D13E4C77C9DDF9C33DC5901307461,625
V_5493207,5646,79,68157.20000000001,5C342AFC7D23DA119C33DC5901307461,626
V_8013431,5632,7,29313.0,3BD095BAFEB350F69C33DC5901307461,627
V_7877377,5631,8,30889.0,882ECAA5D4367C009C33DC5901307461,628
V_7595055,5627,18,36414.4,BD2C1A61391B79C99C33DC5901307461,629
V_8016236,5623,9,29397.0,140AA38098C1F1FC9C33DC5901307461,630
V_5493221,5619,86,62340.899999999965,F39E6E10FDF2614B9C33DC5901307461,631
V_5039698,5618,118,135529.65000000002,4BE9A888674C57939C33DC5901307461,632
V_7596149,5616,16,35101.1,90506399B865F3889C33DC5901307461,633
V_1395669,5615,5031,503636.8585131068,4F06D5C11446A6429C33DC5901307461,634
V_5492157,5614,73,64273.20000000001,2AC7C4092B23811E9C33DC5901307461,635
V_8015792,5579,10,29219.0,2CA82EDD1A1480379C33DC5901307461,636
V_5493222,5574,75,59598.89999999996,D1F827201483C3949C33DC5901307461,637
V_7594572,5573,23,34320.15,9C520B0E17E3A0179C33DC5901307461,638
V_5493171,5569,70,62868.30000000001,A6198CB3A13DCB259C33DC5901307461,639
V_5492670,5548,84,59717.9,B492967A19A31F789C33DC5901307461,640
V_7592178,5548,29,32463.2,5770DF92EA0BA92E9C33DC5901307461,641
V_7596328,5547,32,43301.5,B729FA80182219109C33DC5901307461,642
V_7592208,5545,36,36533.3,56097D5FD5D02A279C33DC5901307461,643
V_7427003,5535,231,102362.55,6C818A4E424FB9319C33DC5901307461,644
V_6047461,5533,97,91758.24999999996,346D65415F693DD79C33DC5901307461,645
V_5492638,5530,84,50652.900000000045,9AC5A13BC7DD19839C33DC5901307461,646
V_1395663,5529,4937,587276.204416162,AA9B968D9B8BE8F19C33DC5901307461,647
V_5492673,5526,79,52437.29999999998,6E985B0BFA98F6069C33DC5901307461,648
V_7594568,5525,30,35410.3,799C265398053FD59C33DC5901307461,649
V_8014837,5521,20,28409.0,F931BA15F113E51B9C33DC5901307461,650
V_7590113,5492,14,30595.6,25DC4A77219A5C6D9C33DC5901307461,651
V_1395664,5487,4860,890494.8470210094,D4ED764AEE3778569C33DC5901307461,652
V_8016247,5484,8,27381.0,B5DE96F6EA990A1C9C33DC5901307461,653
V_7590555,5481,26,35842.1,A4A57BC8CA82FE489C33DC5901307461,654
V_5493158,5480,74,63357.19999999998,52BE7868D29995079C33DC5901307461,655
V_8016227,5465,8,28626.0,8CB8D17F96F3A9EE9C33DC5901307461,656
V_5039956,5459,113,99533.40000000002,BB549545DFB4C3199C33DC5901307461,657
V_5492641,5454,86,61114.39999999999,6D5C2DDE7D5C945B9C33DC5901307461,658
V_7386533,5442,254,338408.3499999999,B9A8EE3298F73F2B9C33DC5901307461,659
V_7592263,5439,12,30578.4,96D0E85A848D614D9C33DC5901307461,660
V_8014692,5434,10,27395.0,B4BB0030A1AFB9659C33DC5901307461,661
V_8013411,5425,5,27075.0,836087D24BB425349C33DC5901307461,662
V_7592068,5417,65,54429.2,B4F10FE15F20E66B9C33DC5901307461,663
V_5493230,5414,82,76570.30000000005,DA0694480C00FC029C33DC5901307461,664
V_7592124,5412,44,43535.399999999994,8F5D4B1B2B3185AD9C33DC5901307461,665
V_8014827,5411,19,27601.0,790A6E49D86967CE9C33DC5901307461,666
V_7590107,5408,18,31898.1,E21E22DA60F084179C33DC5901307461,667
V_5492646,5366,84,69575.19999999994,0684B6AEDC6382519C33DC5901307461,668
V_7590162,5361,16,30601.7,6DDA47438549B9239C33DC5901307461,669
V_8014681,5361,12,28590.0,0225C0703300CC8A9C33DC5901307461,670
V_7877403,5357,9,31067.0,0B18205A229DA97F9C33DC5901307461,671
V_5492652,5357,91,67711.2,070046960606CCB99C33DC5901307461,672
V_7592167,5356,36,36097.7,DD72665C53FE05B49C33DC5901307461,673
V_8013417,5344,8,27935.0,FFF4690F884E18789C33DC5901307461,674
V_7594573,5338,33,36316.5,959DE0A49434D67A9C33DC5901307461,675
V_7592176,5334,35,34122.6,6AFA3E7A98991A689C33DC5901307461,676
V_5493208,5327,82,53641.2,B32953E1604813749C33DC5901307461,677
V_5039938,5324,89,89049.09999999998,ECA5D953992C83CD9C33DC5901307461,678
V_7592194,5304,25,31478.7,E274AA6E914B5B129C33DC5901307461,679
V_7594575,5303,26,32529.000000000004,DBB01032F0EAB4E49C33DC5901307461,680
V_5492656,5302,82,57080.1,8C9FF894E0A87A619C33DC5901307461,681
V_7594640,5299,22,32332.6,2738D85B742B10AE9C33DC5901307461,682
V_8014800,5296,14,27054.0,92DDF39482C7B7329C33DC5901307461,683
V_5493185,5295,77,51802.59999999996,0A34D1EEB9051EB19C33DC5901307461,684
V_5493219,5294,90,63895.69999999998,0381896F8B5753E59C33DC5901307461,685
V_7592203,5290,28,32872.8,818AA7580BA820619C33DC5901307461,686
V_5492147,5281,75,51546.80000000002,08532EF7DF4E74B19C33DC5901307461,687
V_1358551,5279,5026,427537.4467734788,5EA5EC26C0F140509C33DC5901307461,688
V_8016170,5278,9,27801.0,085A152B8363BF029C33DC5901307461,689
V_5492594,5273,78,54239.60000000001,326F764660FB3F679C33DC5901307461,690
V_6068953,5261,100,79326.6,0CEEF30A401CF5129C33DC5901307461,691
V_7592166,5261,27,31525.7,4AF6622EB51146CC9C33DC5901307461,692
V_5492111,5257,71,46161.19999999999,099DBFD09C0804419C33DC5901307461,693
V_5493231,5256,78,62765.79999999998,8CC9C6DD0C6DA28D9C33DC5901307461,694
V_8016146,5254,13,26616.0,80CA36826AAFE04B9C33DC5901307461,695
V_7595192,5243,12,28895.8,5336095F57E89B829C33DC5901307461,696
V_7590100,5239,22,34638.8,ADEF47A983C45EA39C33DC5901307461,697
V_8014470,5221,6,26150.0,BFFDCAE7B2AE6CDE9C33DC5901307461,698
V_8013855,5218,10,28746.0,D6A246CEDBB5CB429C33DC5901307461,699
V_8013439,5216,11,28873.0,F674DBC467D54F2B9C33DC5901307461,700
V_5492102,5216,80,48265.700000000004,DECC76109930F2B69C33DC5901307461,701
V_7590160,5214,17,30533.0,721B7BDFD81744509C33DC5901307461,702
V_7594605,5205,29,33113.4,6E72D6B09A8829339C33DC5901307461,703
V_7386535,5204,259,353504.5500000001,81FDDCC818CF26339C33DC5901307461,704
V_5493157,5201,81,64672.3,E23CD7CE64EB55CB9C33DC5901307461,705
V_5493241,5201,84,71376.09999999998,623690EEC102D0BF9C33DC5901307461,706
V_7596354,5196,36,57733.7,CB5055977A5DBFD09C33DC5901307461,707
V_6059416,5195,99,86018.84999999999,81BD5499C82A5CB69C33DC5901307461,708
V_5493163,5195,79,64661.59999999999,00C6CFFABEAEB36F9C33DC5901307461,709
V_7596316,5189,27,33724.2,41FC896E8F942E6D9C33DC5901307461,710
V_1395657,5188,4651,530160.9422897551,060181A5BFB5CA039C33DC5901307461,711
V_8013422,5187,9,27858.0,484482B2DB4425D09C33DC5901307461,712
V_8016255,5184,6,25860.0,C2763AF9FD2590439C33DC5901307461,713
V_7594642,5179,22,30498.2,7E754A3FB1E92EE19C33DC5901307461,714
V_5039967,5159,111,84441.3,FA88F2B3FC1DA2049C33DC5901307461,715
V_5493216,5154,75,59804.5,32FBD2C32AEC25DB9C33DC5901307461,716
V_5492151,5154,74,45626.6,7EA31C1D6749353D9C33DC5901307461,717
V_5492665,5148,83,52164.59999999999,354A263943D0B0009C33DC5901307461,718
V_7594654,5145,29,32340.749999999996,B0D1624489C386459C33DC5901307461,719
V_5206555,5134,117,76602.59999999999,58BDCAF117208F369C33DC5901307461,720
V_8014449,5134,5,25618.0,1F211FDA60E69EDB9C33DC5901307461,721
V_7594570,5131,24,30218.55,76690051E5F41CD29C33DC5901307461,722
V_5492639,5129,89,62322.00000000001,A01C94EEF32B82D89C33DC5901307461,723
V_8013401,5124,6,25560.0,5293BCEDE1E5B5FB9C33DC5901307461,724
V_8016241,5121,9,26155.0,B3F7493E041FA5289C33DC5901307461,725
V_5492103,5121,84,51989.3,21EF90CF0A0AAA379C33DC5901307461,726
V_8015720,5120,8,25806.0,4B39C6772F4A3CE59C33DC5901307461,727
V_5492131,5106,73,46143.60000000001,69229F4AA8B9979D9C33DC5901307461,728
V_7444997,5105,69,47047.9,149933FA105CE3259C33DC5901307461,729
V_7594643,5090,22,30632.6,2A79E4E120A6698D9C33DC5901307461,730
V_8016159,5085,12,25305.0,8D64298E12358A799C33DC5901307461,731
V_8016198,5081,12,25823.0,C1C8DAC99C41257D9C33DC5901307461,732
V_8014469,5080,6,26348.0,A2C42E2F1C8FE4639C33DC5901307461,733
V_5492144,5053,73,48625.30000000002,A4A2E1801FD191C99C33DC5901307461,734
V_8013702,5049,7,27551.0,1579AA5909ECBC209C33DC5901307461,735
V_5492150,5047,90,56905.6,478557B6A145FD279C33DC5901307461,736
V_7592125,5046,49,45455.799999999996,B86524A8853C97689C33DC5901307461,737
V_7592072,5041,64,54651.500000000015,1EE6A1B1FC700F859C33DC5901307461,738
V_1395670,5038,4530,464408.99424402055,9F91B201B50E94629C33DC5901307461,739
V_8016264,5032,8,25797.0,7E826053E4FB6F1E9C33DC5901307461,740
V_7720325,5020,8,25736.0,7E826053E4FB6F1E9C33DC5901307461,741
V_7592102,5008,45,36512.95,E2E68F80A73210CB9C33DC5901307461,742
V_7594644,4996,16,27162.8,781BA171F0A4DB549C33DC5901307461,743
V_7877375,4995,7,26636.0,4AE9EA36B6502CCA9C33DC5901307461,744
V_7004682,4991,131,42011.4,4CDF110F9B9BB2849C33DC5901307461,745
V_5492635,4988,86,54676.49999999998,FCE5E89484A2C8A29C33DC5901307461,746
V_7594602,4988,25,30851.550000000003,C7D9DFA7263B984A9C33DC5901307461,747
V_7592144,4982,36,34564.9,C195D92BDA7421B39C33DC5901307461,748
V_7594645,4976,18,27357.499999999996,724B7B2907ED3B729C33DC5901307461,749
V_8013405,4971,6,25789.0,97C768B854612D4D9C33DC5901307461,750
V_8014784,4971,15,27703.0,9E2F614337E958259C33DC5901307461,751
V_8013987,4969,14,25175.0,DC2C0CF4BD01491C9C33DC5901307461,752
V_5492651,4963,92,61628.79999999999,355A8D0258B46F569C33DC5901307461,753
V_7590104,4962,19,29557.9,F86883C06F5BF6209C33DC5901307461,754
V_7592258,4959,12,27759.0,3169956C751DBFA49C33DC5901307461,755
V_5492129,4959,70,46011.300000000025,73581F298BDDC1389C33DC5901307461,756
V_7594606,4955,27,30005.75,37487C8FA05437A99C33DC5901307461,757
V_1395660,4954,4435,630609.801676094,960E5461CED231039C33DC5901307461,758
V_7191654,4949,9,26428.0,DA2101674E67D1D69C33DC5901307461,759
V_5492667,4948,89,62121.90000000002,3AF4A7C970D89F1E9C33DC5901307461,760
V_6763723,4941,6,24672.0,17E4BC6B97ADA9759C33DC5901307461,761
V_8015753,4940,6,24640.0,0F06C95C0DDA5D7B9C33DC5901307461,762
V_5492149,4935,83,60155.30000000004,E3AA45CC19568EE79C33DC5901307461,763
V_8016254,4935,7,25085.0,5732ED0C4EE506259C33DC5901307461,764
V_5493198,4934,77,57453.399999999994,52A696A78EB45E519C33DC5901307461,765
V_8015578,4934,7,25007.0,9443EC4C8985E2259C33DC5901307461,766
V_8016156,4914,12,24899.0,28108E1DCA3AA8369C33DC5901307461,767
V_7720284,4913,17,26803.1,99172C465478C2FA9C33DC5901307461,768
V_7444983,4907,120,74445.15,CD5D7FB4AF52DA119C33DC5901307461,769
V_8014303,4902,9,25686.0,9E519F78569597D29C33DC5901307461,770
V_8014723,4897,7,25233.0,BC20F6223EEA55789C33DC5901307461,771
V_7427007,4895,227,94540.3,7545012620FFD65C9C33DC5901307461,772
V_7720299,4892,13,25713.6,22B7A293CD5B27609C33DC5901307461,773
V_5040043,4892,93,88040.6,BA342D9D49DFD7049C33DC5901307461,774
V_5492660,4884,82,53964.79999999999,2D6E07DFC4C0776E9C33DC5901307461,775
V_8016240,4880,10,25437.0,466307D3689A075C9C33DC5901307461,776
V_7444996,4874,55,43190.55,6561306D61A2414D9C33DC5901307461,777
V_5039969,4867,120,93154.90000000004,E076F4F39D8CCEB49C33DC5901307461,778
V_8016208,4867,12,24655.0,428B3BB8803C47159C33DC5901307461,779
V_1395658,4861,4364,402331.89494126523,59C5778E004AC5C49C33DC5901307461,780
V_5492108,4861,72,43836.100000000006,459076055AC684B59C33DC5901307461,781
V_1358570,4859,4010,789319.6250692181,EA3B1EB0D2C4C9659C33DC5901307461,782
V_5492119,4855,57,40128.9,5BE7FD81B0CF3A499C33DC5901307461,783
V_5493190,4849,79,48907.6,737B0C3E82F44F229C33DC5901307461,784
V_1395673,4845,4337,610931.1841866482,4BBA14F53612AFA49C33DC5901307461,785
V_8014777,4844,14,26257.0,DC447AF51AADC4929C33DC5901307461,786
V_8015671,4837,8,24872.0,2A52D7EBAF845A479C33DC5901307461,787
V_5493175,4829,76,50078.50000000001,43E3C0940F309A299C33DC5901307461,788
V_7592289,4828,11,26599.0,88E29A2121E511079C33DC5901307461,789
V_1395671,4827,4304,492909.5319291875,05DB17EB5752ABBC9C33DC5901307461,790
V_7592235,4827,15,26935.7,BAA1E256B34A493A9C33DC5901307461,791
V_7590556,4818,28,34153.5,73AF774BA7F232399C33DC5901307461,792
V_8014448,4815,5,24025.0,ECE83334229925459C33DC5901307461,793
V_8014464,4814,8,25243.0,DA62FB8AFB476E959C33DC5901307461,794
V_8016232,4814,6,24010.0,7FC1623AE50118499C33DC5901307461,795
V_8013420,4809,9,26346.0,42610DD0646039139C33DC5901307461,796
V_8014462,4803,7,25354.0,99D83D54C08248299C33DC5901307461,797
V_5493217,4786,73,52292.89999999997,09B49FE349824AB79C33DC5901307461,798
V_7596142,4785,12,28916.0,E96C4FF2E1FCD4669C33DC5901307461,799
V_8015575,4775,7,24153.0,AC0B8092872CA9819C33DC5901307461,800
V_5492107,4772,77,45613.39999999999,4B91FD228DF8393D9C33DC5901307461,801
V_8013991,4771,14,24243.0,770CF4EB1B4DA5F19C33DC5901307461,802
V_8015584,4770,8,23859.0,D16D4284A66B83249C33DC5901307461,803
V_5493229,4768,76,67224.49999999999,1D613A8827A353DF9C33DC5901307461,804
V_5492629,4767,76,57405.60000000001,98B0F5FFD814566E9C33DC5901307461,805
V_7004701,4761,126,37560.25,39369725EA08EF279C33DC5901307461,806
V_8013415,4761,6,23803.0,F3638F86D552B5189C33DC5901307461,807
V_1395675,4758,4195,666116.3920583747,7C000FA65B1F78E19C33DC5901307461,808
V_8100547,4752,8,24520.0,BC7DF51E66A6E1D69C33DC5901307461,809
V_1395672,4750,4224,726044.2270622012,A60A9DD5E59F8A3B9C33DC5901307461,810
V_7004700,4743,137,39451.25,DC6CC700AE784DED9C33DC5901307461,811
V_7004681,4742,129,43231.0,835A97B5B41653CD9C33DC5901307461,812
V_7594569,4735,24,28107.75,8DAAAB831C443B179C33DC5901307461,813
V_8100534,4734,9,24932.6,72AA4D800C886CAA9C33DC5901307461,814
V_7004715,4732,134,36404.600000000006,4C58896670D5C6FE9C33DC5901307461,815
V_8015741,4724,6,23560.0,8930902244D3873C9C33DC5901307461,816
V_7596277,4721,27,34299.7,044EC707AE74D1329C33DC5901307461,817
V_8015587,4720,8,24341.0,6C0DAB38A8E764269C33DC5901307461,818
V_1395661,4718,4377,519013.57579976774,8563EA973687DB879C33DC5901307461,819
V_5493166,4718,73,66293.90000000002,25E1BF1E68BF8E8D9C33DC5901307461,820
V_1395667,4717,4316,485935.2537180151,2C65F5691D70CD2F9C33DC5901307461,821
V_8013416,4716,6,24061.0,53DD225EC45A34459C33DC5901307461,822
V_7004697,4716,120,38329.0,A43BF783DD50F2949C33DC5901307461,823
V_7592092,4705,47,36689.55,66A784DCCF1F9FB99C33DC5901307461,824
V_5493212,4704,73,51295.39999999999,6DC7531B7772AFBC9C33DC5901307461,825
V_7596176,4703,9,30328.2,B6F9C0D9173A95949C33DC5901307461,826
V_5039951,4703,85,65897.20000000001,1ED7D167AFA302579C33DC5901307461,827
V_7592099,4699,46,33449.1,086E10A9610A16AE9C33DC5901307461,828
V_8013397,4691,6,23460.0,59A6DDF3813078E19C33DC5901307461,829
V_1395656,4689,4287,294215.35305387713,2EAB063A1CECA2A79C33DC5901307461,830
V_7596347,4688,29,41449.2,6C68B891DE3025619C33DC5901307461,831
V_5039937,4686,87,75423.69999999995,8084FC8E5B3D89B19C33DC5901307461,832
V_8015789,4677,11,25225.0,43E0ACAC7B2529249C33DC5901307461,833
V_7004718,4673,133,38776.65,BFD491253BF777FA9C33DC5901307461,834
V_8016140,4672,11,23313.0,DF33678060025BCD9C33DC5901307461,835
V_7590122,4672,22,29847.5,F5AFE640EF1545E19C33DC5901307461,836
V_7594574,4667,24,27624.350000000006,B64058BC439784499C33DC5901307461,837
V_8013424,4665,9,25268.0,4B2C8A74722C9C299C33DC5901307461,838
V_7596343,4665,29,40354.1,12A9D0D4C5713F269C33DC5901307461,839
V_7590108,4662,16,26194.5,46603E2D8B2C17389C33DC5901307461,840
V_8015798,4652,7,23336.0,9883CDC173FC8BD39C33DC5901307461,841
V_5039933,4650,89,76577.50000000003,F360E8710B4840BF9C33DC5901307461,842
V_1395676,4638,3954,854175.9062304222,1DFEDCBF8CC39B1F9C33DC5901307461,843
V_5492153,4634,71,46238.19999999999,B0825158A735BFF09C33DC5901307461,844
V_8014019,4633,12,25586.0,B224FE71CD11C8649C33DC5901307461,845
V_5039949,4632,101,86191.70000000003,285F23268616E26A9C33DC5901307461,846
V_8100659,4628,10,24510.7,84A48412A9F044C39C33DC5901307461,847
V_7595209,4627,13,27374.4,83D5B5066D6D0BF39C33DC5901307461,848
V_6069166,4626,107,72591.39999999998,2C01CD97A948849C9C33DC5901307461,849
V_7595191,4620,12,25756.7,020CFB426FF0F0899C33DC5901307461,850
V_8014757,4617,14,24303.0,F95DC509C84E14979C33DC5901307461,851
V_5493227,4613,72,59978.29999999996,CBE182F0506E84C89C33DC5901307461,852
V_7181324,4610,104,91529.40000000004,CFBBE1A2EC596D629C33DC5901307461,853
V_5493201,4606,66,44600.80000000002,49FCE723F6A009649C33DC5901307461,854
V_8014678,4604,12,24122.0,B076D5C59133F5D79C33DC5901307461,855
V_7590553,4602,27,31478.199999999997,29151216D91396559C33DC5901307461,856
V_5039965,4579,122,82919.70000000003,9A96A435431542D39C33DC5901307461,857
V_8015626,4577,6,23796.0,7D6142850EE597279C33DC5901307461,858
V_8013409,4576,6,23735.0,D1162909964A7F629C33DC5901307461,859
V_7592134,4575,38,34836.35,B3C93187C18471D59C33DC5901307461,860
V_5039946,4575,93,81653.65000000002,0DB67705C2C0B5119C33DC5901307461,861
V_5492128,4569,64,41224.899999999994,87B1512479856CFB9C33DC5901307461,862
V_5492130,4559,69,39234.90000000001,C453E09057CA1BB29C33DC5901307461,863
V_8015759,4551,8,23326.0,D94ECD973F4079189C33DC5901307461,864
V_7594603,4548,30,29245.850000000002,D69832617D00BE8B9C33DC5901307461,865
V_5493214,4544,79,53250.100000000006,9C70142CF3C719BE9C33DC5901307461,866
V_8013403,4543,8,23857.0,88555FE4D52ED73E9C33DC5901307461,867
V_5492133,4534,74,41134.30000000001,DDF6C3FD6A7DD3F79C33DC5901307461,868
V_7877378,4530,9,24499.0,8D32D49457C6B5589C33DC5901307461,869
V_7590172,4530,15,28564.1,9E27294F079ED08F9C33DC5901307461,870
V_6010433,4525,107,66584.25000000001,2EC79FAF5D210FA19C33DC5901307461,871
V_7877392,4517,9,24898.0,80680B31B5627CC79C33DC5901307461,872
V_7596152,4505,13,27195.3,0B7A385272777FAA9C33DC5901307461,873
V_8014852,4505,25,24525.0,73F90B75DFD191829C33DC5901307461,874
V_8013435,4504,8,23407.0,CDDEAE922186912B9C33DC5901307461,875
V_8016190,4499,9,22983.0,EDF8D43B5275E15A9C33DC5901307461,876
V_7592080,4497,55,48646.450000000004,1ACA3DF23A34BA6B9C33DC5901307461,877
V_8014768,4493,13,23679.0,998C5A1E6505EFE29C33DC5901307461,878
V_8016239,4486,8,22990.0,0DB524DF90718EE99C33DC5901307461,879
V_8100657,4483,12,25161.4,1AF408760C9037F69C33DC5901307461,880
V_5039940,4480,79,75010.14999999998,192E95704FCFCE949C33DC5901307461,881
V_5492160,4473,66,53030.500000000015,34C9913D174A23AC9C33DC5901307461,882
V_8100669,4464,11,23621.55,116F4ABC33B367929C33DC5901307461,883
V_8016347,4464,3,22716.0,CE81D66E8F456AC09C33DC5901307461,884
V_8014669,4457,9,22753.0,92321115F43285CB9C33DC5901307461,885
V_7590554,4454,27,31510.500000000004,CC3C9A2F0E0A92599C33DC5901307461,886
V_1395695,4451,3909,578363.7353646712,7812A7EBC826CC449C33DC5901307461,887
V_8016185,4438,10,23391.0,D2225FE0C394491C9C33DC5901307461,888
V_5493172,4437,68,49397.79999999993,7F2B0356B8BFBFBA9C33DC5901307461,889
V_5492657,4436,79,44662.79999999998,C82FBF0CC2791CFC9C33DC5901307461,890
V_5493244,4435,72,55833.20000000002,EF8B57E7E13C35299C33DC5901307461,891
V_8014638,4431,11,22435.0,3DF2AF9C7AC8C2989C33DC5901307461,892
V_5492625,4426,76,44469.79999999995,564A40C8E46D1F799C33DC5901307461,893
V_5493168,4425,74,57169.399999999994,4E19F332FF7972BD9C33DC5901307461,894
V_5492140,4422,71,36639.4,466D850178D2A9AA9C33DC5901307461,895
V_5040036,4418,87,88776.59999999999,A8924467218D30B49C33DC5901307461,896
V_5492637,4415,86,44916.199999999415,1F53FD82A91083D99C33DC5901307461,897
V_1395686,4407,3593,579843.7217376574,AD7BC26EBA3128989C33DC5901307461,898
V_8016237,4405,9,22832.0,16D2A5D0706D63C99C33DC5901307461,899
V_8014453,4403,7,22010.0,247E29AF1083EBE99C33DC5901307461,900
V_5493238,4400,78,53881.7,62F4C204588A5B349C33DC5901307461,901
V_8014337,4390,5,22030.0,908A365D7F4B82CA9C33DC5901307461,902
V_5492155,4383,66,46236.700000000004,9672F59BC7D5D6419C33DC5901307461,903
V_7004678,4381,160,41948.5,294937DEDBB1EDE59C33DC5901307461,904
V_7592087,4377,41,35314.549999999996,E8695683089FA77B9C33DC5901307461,905
V_5492104,4374,77,40303.9,85DB655CDD7CA7A89C33DC5901307461,906
V_8014004,4374,11,22723.0,4C40BAE3B7832F889C33DC5901307461,907
V_7594611,4373,26,30997.25,1953E14467F8AA8E9C33DC5901307461,908
V_7589028,4372,16,27539.7,63CBE758765176B09C33DC5901307461,909
V_8014447,4367,7,22666.0,E5DD8B82F822DE029C33DC5901307461,910
V_8014452,4359,6,22607.0,BD18ED12EE4335C89C33DC5901307461,911
V_8015581,4358,8,22608.0,C53A2471BA06E8429C33DC5901307461,912
V_5493233,4358,77,56728.999999999985,E791B8AC2305B3E39C33DC5901307461,913
V_6069163,4355,100,77046.24999999991,6B391E0DDA498C549C33DC5901307461,914
V_8013983,4353,11,22104.0,6131F51E3C53A2539C33DC5901307461,915
V_5493174,4348,68,49384.3999999999,077AE2B705B9C1309C33DC5901307461,916
V_7594567,4346,28,28917.95,0847704AF01C39F79C33DC5901307461,917
V_5492674,4333,88,46509.19999999999,5E102DD7624909209C33DC5901307461,918
V_5493218,4333,84,55696.999999999985,06E1591CCAF99D259C33DC5901307461,919
V_5492659,4331,80,46581.49999999999,E65878835EAE99C69C33DC5901307461,920
V_7877384,4330,14,26680.0,25182E21758F9F5A9C33DC5901307461,921
V_7877370,4329,10,23948.0,ED758D4E178952E99C33DC5901307461,922
V_5492616,4324,86,50255.600000000006,89D1F1BE90E226A29C33DC5901307461,923
V_7181318,4322,113,99761.25,4819D250592F9B989C33DC5901307461,924
V_5492644,4321,76,45886.999999999985,0C88AA670998926F9C33DC5901307461,925
V_7594566,4312,33,29987.0,79BA78C79CD52F989C33DC5901307461,926
V_5206513,4310,100,65027.599999999984,8FE592CEE9743E609C33DC5901307461,927
V_5149617,4300,73,48748.50000000001,B21BF1A7F27C2CEB9C33DC5901307461,928
V_1395659,4297,3916,236207.58141107077,27860A9914EAFD999C33DC5901307461,929
V_8014467,4296,6,22281.0,475145C3A9CBC9289C33DC5901307461,930
V_7590137,4295,16,25187.0,23860A68CBA2505E9C33DC5901307461,931
V_8014788,4285,10,21325.0,96A790360DD0261E9C33DC5901307461,932
V_1358566,4283,3876,377592.34617860493,877D32C8CD2606009C33DC5901307461,933
V_5493177,4283,69,38978.59999999999,C505EC8C372455F89C33DC5901307461,934
V_8016432,4277,4,21656.5,C3266D7E89BC39FD9C33DC5901307461,935
V_1395691,4276,3715,512368.42393298785,2659D9A0C86E5B4C9C33DC5901307461,936
V_8013429,4272,7,22877.0,D12393125AF935119C33DC5901307461,937
V_7596164,4272,12,24911.75,4CDC19B0AF50EE4A9C33DC5901307461,938
V_5039889,4270,76,85425.64999999998,B324C1A9072862049C33DC5901307461,939
V_7596278,4265,31,35835.9,558E1A8AB7485BD79C33DC5901307461,940
V_7592126,4265,44,39843.100000000006,1FDDA105A05F94559C33DC5901307461,941
V_5492574,4262,83,45933.39999999998,660F032C9CAB34AC9C33DC5901307461,942
V_8013994,4261,13,21470.0,FD4C0740597A74BD9C33DC5901307461,943
V_5493223,4259,70,46871.6,7A0817D7D03DD1B59C33DC5901307461,944
V_5149612,4257,78,50546.39999999999,B8FC9F326A6E89579C33DC5901307461,945
V_8013976,4256,8,21200.0,DFCB4644C1AD39C49C33DC5901307461,946
V_8100646,4245,8,21567.2,CE6AE5B040FB9DD69C33DC5901307461,947
V_8013687,4242,6,21995.0,4DBC3B4A4E6D26D59C33DC5901307461,948
V_7252144,4240,5,21210.0,6F1D0910F855522F9C33DC5901307461,949
V_7592270,4239,13,23724.7,0B23FEF8240A2C9B9C33DC5901307461,950
V_5493182,4230,68,34619.90000000001,051B0971B27CE94E9C33DC5901307461,951
V_7596162,4227,9,25761.4,1479B50AEC8631B79C33DC5901307461,952
V_5493239,4220,81,54683.399999999994,90BE5A5538152DDC9C33DC5901307461,953
V_5493211,4214,82,54989.59999999998,1878FCCDD9C7645B9C33DC5901307461,954
V_8015771,4208,13,21790.3,8325106AB834B7C19C33DC5901307461,955
V_5492640,4208,87,49701.700000000026,B9EB4E59486936BC9C33DC5901307461,956
V_7590073,4206,17,26367.8,BC510DE8B26F985B9C33DC5901307461,957
V_7877369,4196,11,24884.25,E859C1AAF890B7B59C33DC5901307461,958
V_5492110,4196,67,36618.900000000016,F5F551B4DAE243649C33DC5901307461,959
V_5492114,4194,60,38439.8,CE0E7D20AFC2931D9C33DC5901307461,960
V_8016175,4191,9,21380.0,9A41D0E4B6BAC6AF9C33DC5901307461,961
V_8014635,4190,10,20850.0,C535173FF81F34329C33DC5901307461,962
V_7592489,4189,9,23853.3,DAF0B99435364DAD9C33DC5901307461,963
V_7596307,4186,20,28160.5,3ABD61A61A9D8A469C33DC5901307461,964
V_5149587,4186,72,49010.29999999999,701B3A793CD12F109C33DC5901307461,965
V_8014463,4184,8,22206.0,40A653F65037DA599C33DC5901307461,966
V_5493236,4179,76,55695.4,635866860E6609439C33DC5901307461,967
V_5492136,4178,71,42373.999999999985,E79428817DA48D9C9C33DC5901307461,968
V_5206591,4178,105,43709.80000000002,589A37D95ADEDB699C33DC5901307461,969
V_5493187,4177,71,39457.49999999999,42985820F7CAA2299C33DC5901307461,970
V_5493200,4172,68,45362.80000000001,79D22ED7636AB7839C33DC5901307461,971
V_7590094,4172,18,27218.1,7E383321121BF6C09C33DC5901307461,972
V_7877372,4169,12,24929.0,6311DCA5851D6BF49C33DC5901307461,973
V_8014720,4167,9,21557.0,AA0CDFFD8EDC47F29C33DC5901307461,974
V_7590092,4166,15,23915.1,E08485552B3610D39C33DC5901307461,975
V_7595072,4164,15,30613.1,B5C32976FF0D92B19C33DC5901307461,976
V_5492631,4163,78,44416.100000000006,8090B2F41C1CDB429C33DC5901307461,977
V_5492648,4157,85,52988.400000000016,D4798C53978BE4DE9C33DC5901307461,978
V_1358581,4156,3137,977661.5762319991,5A01AA0782D1C7A39C33DC5901307461,979
V_8014785,4154,14,22939.0,D8D9E99DB9D0B3839C33DC5901307461,980
V_8014332,4150,5,20700.0,8AB413EBBE1910659C33DC5901307461,981
V_1395697,4144,3311,817868.4904132374,6D3B2E2B589791A69C33DC5901307461,982
V_7596312,4140,18,24724.0,E5E9913EB6B90FBF9C33DC5901307461,983
V_8014454,4139,5,20645.0,95E535C9B140C4839C33DC5901307461,984
V_7592242,4138,16,23138.5,BE07D1DB8C9961A19C33DC5901307461,985
V_8100680,4137,8,20945.9,19A79045D6EB5D049C33DC5901307461,986
V_8013691,4133,7,22239.0,C6F2AE5F4946B5389C33DC5901307461,987
V_8016168,4126,9,20664.0,0A7D3C8E324AD6629C33DC5901307461,988
V_7596308,4126,16,24899.5,64C24D75D4CE8F5E9C33DC5901307461,989
V_7595118,4121,13,24655.5,D6FC16D31437CD279C33DC5901307461,990
V_5492154,4120,73,41914.3,4D2E55BE8ABCE1199C33DC5901307461,991
V_7720290,4119,10,21428.0,BB4364A1287DB4989C33DC5901307461,992
V_8014020,4119,10,22265.0,D752AF24396E71E79C33DC5901307461,993
V_5493160,4119,74,48038.00000000001,14DFDD13A57859D39C33DC5901307461,994
V_8013693,4112,7,21619.0,91F807F663DC1EBE9C33DC5901307461,995
V_8013399,4112,8,21196.0,8C2311E7E0B11F179C33DC5901307461,996
V_7593054,4107,10,21134.0,4A9BF08BF24D59979C33DC5901307461,997
V_1395677,4106,3575,619930.3380044161,EF76462AF8B4744D9C33DC5901307461,998
V_7594601,4106,25,27300.0,AB4E0C1AA43EA05D9C33DC5901307461,999
V_7592118,4101,37,32285.65,019C58F291875BB49C33DC5901307461,1000
